customer_id,age,gender,income,location,visits_per_month,avg_time_spent,purchase_frequency,avg_order_value,preferred_category,customer_lifetime_value
1,40,M,30252,North Judithbury,4,2.1459412727431904,2,114.6022450647418,Smartphones,2750.453881553803
2,33,F,39828,East Jill,3,40.98196118243411,1,105.91940236870799,Electronics,1271.0328284244958
3,42,M,20000,New Roberttown,5,30.29994238693176,2,123.20642845321055,Gaming,2956.954282877053
4,53,F,22341,East Jessetown,1,27.42170623363968,2,68.47176501433118,Gaming,1643.3223603439483
5,32,M,66184,Lake Debra,6,39.8404145290448,1,89.7897855135129,Electronics,1077.4774261621546
6,32,M,26148,Robinsonshire,6,47.292896757239774,2,93.22832105163594,Gaming,2237.479705239263
7,53,M,21515,Lisatown,6,34.85715841353997,2,113.66940730265785,Gaming,2728.065775263788
8,44,M,47492,Lake Roberto,6,46.087138830488946,3,76.20336408378897,Smartphones,2743.3211070164025
9,29,F,65699,Ericmouth,3,14.467167474730203,5,127.46961412775032,Laptops,7648.176847665019
10,41,M,52024,North Noahstad,5,36.659488378340654,2,135.59246771552827,Gaming,3254.2192251726783
11,29,F,59755,Cassandraton,2,28.67996147145728,2,70.33382957093248,Accessories,1688.0119097023794
12,29,M,24874,Herrerafurt,5,22.11780895283683,1,85.27381315319303,Laptops,1023.2857578383164
13,37,M,20000,New Kellystad,3,10.713185651371578,4,84.04205475123723,Laptops,4034.018628059387
14,18,M,76931,Lake Chad,3,36.11787049002663,2,178.97158614032494,Accessories,4295.318067367799
15,18,F,30904,Port Keith,5,38.75290053416529,2,87.1029968437634,Electronics,2090.4719242503215
16,28,M,32034,Port Jesseville,11,43.420227509932474,0,150.32876326468403,Smartphones,0.0
17,22,F,70551,Ramirezstad,7,41.764904376350316,1,62.001040146801714,Gaming,744.0124817616206
18,38,F,47959,West Michael,7,22.282903129416297,1,70.3104710150691,Electronics,843.7256521808292
19,24,F,45612,Jacquelineland,4,42.907055153121306,1,79.40186404455397,Accessories,952.8223685346477
20,18,F,107205,New Jessica,1,43.96347503911844,2,74.62932065660434,Smartphones,1791.103695758504
21,52,F,26324,South Noah,4,27.40016074747295,3,91.96303797524504,Smartphones,3310.669367108822
22,32,F,57752,Lake Mark,5,30.284282637117187,3,78.73665391835506,Smartphones,2834.519541060782
23,35,F,37365,East Lydiamouth,4,20.658457929504582,4,75.4197522179628,Accessories,3620.148106462214
24,18,F,41535,Adamsborough,4,44.80886290653332,3,134.75415989419983,Electronics,4851.149756191195
25,28,F,77982,Jasonfort,7,14.882128540310642,1,136.71380867539494,Gaming,1640.5657041047393
26,36,M,46813,Wilkersonmouth,6,35.349706723637695,3,128.47889495125946,Smartphones,4625.240218245341
27,21,M,47531,West Donald,8,24.03170811884287,1,115.71996866752984,Smartphones,1388.6396240103581
28,39,M,62084,Juliechester,4,18.92147180443489,2,102.78229197338656,Electronics,2466.7750073612774
29,27,M,30258,Coxberg,3,11.25271719438592,0,85.08907928002274,Smartphones,0.0
30,31,M,23870,Daviston,0,27.845938720290068,1,71.40527485734724,Smartphones,856.8632982881668
31,27,F,21538,East Courtneychester,4,17.35414885402095,1,110.88987110298062,Accessories,1330.6784532357674
32,57,F,20000,South Patrickmouth,1,30.56419453273804,4,64.79108822359606,Laptops,3109.972234732611
33,34,F,101529,Tashatown,4,47.693373234006245,1,70.18237212473821,Electronics,842.1884654968585
34,22,F,20918,Lake Nicoleview,3,31.995073264388886,2,134.5873976861443,Electronics,3230.097544467463
35,44,F,32512,Danielchester,5,49.97280502284649,2,157.0194712516626,Electronics,3768.4673100399023
36,20,F,31621,South Aaron,6,20.177267465218463,1,111.79885414499442,Accessories,1341.586249739933
37,37,F,42349,Teresaburgh,6,17.190592000006525,3,133.1937145688393,Accessories,4794.973724478215
38,18,M,54604,Port Colleenhaven,4,19.729844117717217,4,92.6245504766805,Gaming,4445.978422880664
39,19,M,55839,East Nathaniel,4,29.34899461244696,0,59.86977441736948,Accessories,0.0
40,37,M,27131,New Stephanie,5,57.22948687724303,2,118.36514855855752,Electronics,2840.7635654053806
41,43,M,33404,New Mariotown,1,13.378852864485594,2,117.07867969810192,Gaming,2809.888312754446
42,37,F,41826,West Natashaport,9,36.19663118162425,5,102.15005661640733,Laptops,6129.003396984439
43,33,F,32069,North John,7,23.000346639594667,2,92.72873625684666,Smartphones,2225.4896701643197
44,31,F,81119,North Jessicaland,5,27.76196948949037,2,128.86631735743293,Smartphones,3092.7916165783904
45,18,M,46420,East Donna,4,17.419800887336628,4,70.42800899717577,Gaming,3380.544431864437
46,26,F,52440,West Allison,5,38.7913832403954,1,76.78658263328026,Laptops,921.4389915993631
47,29,F,50586,Brandtside,4,29.56074867044878,4,69.75680479718716,Smartphones,3348.3266302649836
48,47,F,65299,Lake Larry,1,40.874535506941655,3,102.54918887907482,Gaming,3691.770799646694
49,39,M,39755,Samuelhaven,3,31.752451940325606,6,67.36320963672225,Accessories,4850.1510938440015
50,18,F,20000,Martinezbury,7,10.68376022823125,0,79.47273458454269,Electronics,0.0
51,38,M,44348,West Andrewside,6,40.96542795975214,3,78.82733313318406,Laptops,2837.783992794626
52,30,M,26221,New Jeffrey,10,9.869993676903196,1,92.18175002998126,Smartphones,1106.1810003597752
53,26,M,27880,Lake Crystalbury,4,11.300973170835878,1,55.37876660788069,Electronics,664.5451992945683
54,42,M,48687,North Micheleland,5,20.827973198683637,2,102.61614976111801,Gaming,2462.7875942668325
55,47,F,67449,West Elizabeth,6,20.961444580476638,2,137.41910951994032,Smartphones,3298.0586284785677
56,46,M,36703,New David,6,43.96021365381482,1,104.06474116950285,Electronics,1248.7768940340343
57,24,M,42379,Sanchezfort,8,28.28843613249636,2,146.23963434403962,Accessories,3509.751224256951
58,31,F,85059,Leeville,4,42.47385291974663,3,140.01994557630775,Laptops,5040.718040747079
59,38,F,40961,Gomezchester,3,24.32082521414047,2,123.33205141743564,Gaming,2959.969234018455
60,46,M,133364,Shieldston,3,33.17646369010635,2,102.24057527910657,Smartphones,2453.7738066985576
61,29,F,48182,North Richardmouth,9,34.74042311512206,4,100.67501164736319,Accessories,4832.400559073433
62,32,M,20000,East Jamesside,7,36.960654170770496,1,122.9139931708978,Laptops,1474.9679180507735
63,21,M,52927,Taylorburgh,2,25.350738255841623,0,88.24988171487902,Laptops,0.0
64,20,M,43939,Stevenland,2,26.22145111215106,3,43.52437745597609,Accessories,1566.8775884151391
65,44,M,69208,Mortonside,4,27.01869420734156,2,114.76012162308879,Smartphones,2754.242918954131
66,51,F,50847,North Deniseside,6,13.475876097031957,5,66.06794110195086,Laptops,3964.0764661170515
67,34,M,33886,North Sarabury,9,29.16098136731703,3,71.13576315428845,Gaming,2560.8874735543845
68,47,F,20000,South Todd,11,26.1631574492372,7,100.00671843987364,Electronics,8400.564348949385
69,39,F,32711,Port Richard,4,35.800728940775535,1,97.1462536733959,Gaming,1165.7550440807508
70,27,F,23735,East Nicholasfurt,7,30.913011710596685,4,57.63773181053109,Laptops,2766.6111269054927
71,39,F,27166,Saramouth,7,43.363818034531874,1,104.96474692399421,Electronics,1259.5769630879306
72,53,M,48741,Rodneyside,3,30.700884752085667,2,128.98418982583146,Accessories,3095.6205558199554
73,34,F,83696,Mooreport,7,24.377943037797362,4,66.14975289202651,Electronics,3175.1881388172724
74,53,M,44237,North Beth,5,30.57697222165784,2,138.17449992546278,Electronics,3316.187998211107
75,18,F,20000,Lake Leeton,2,37.241672408771635,0,53.19487524610168,Electronics,0.0
76,44,F,45356,Shawhaven,9,12.267925922109534,2,163.5197243311286,Laptops,3924.4733839470864
77,36,M,66059,North Susan,6,22.84751481182409,2,87.6621870854955,Smartphones,2103.8924900518923
78,31,M,26771,Port Jacobland,3,23.058232641146482,0,104.36850990480674,Laptops,0.0
79,36,M,33961,South David,6,34.109902028775004,1,43.2389928254299,Smartphones,518.8679139051587
80,18,F,36583,New Brooke,3,35.2728653969195,3,98.13591800592074,Accessories,3532.8930482131464
81,32,F,24527,South Dianeshire,2,31.012277278348947,0,106.85446533154575,Accessories,0.0
82,39,M,50218,Sarahborough,8,5.213618808720767,1,97.41513687701516,Accessories,1168.981642524182
83,52,M,34184,Johnfurt,4,13.48081816808213,1,83.10756768842879,Accessories,997.2908122611454
84,28,M,44791,Lake Debbie,5,27.61068178542879,2,71.60306444416555,Accessories,1718.4735466599732
85,25,M,23301,Stewartland,4,24.985305766415262,0,133.91579858611934,Gaming,0.0
86,28,F,29180,South Christineshire,3,30.053703788360032,0,100.9242140499385,Laptops,0.0
87,45,M,52114,North Amandahaven,4,25.306018375645245,0,146.22257129550317,Smartphones,0.0
88,38,M,30139,Davidstad,3,45.31642466149037,3,84.20552935615231,Accessories,3031.399056821483
89,28,M,86118,East Mikeburgh,11,7.060584151534783,3,86.95615919883349,Gaming,3130.421731158006
90,41,M,29738,Bassport,6,33.02627631529815,0,124.46782733788488,Gaming,0.0
91,36,F,40633,Lake Lisaport,5,38.280104061634724,2,51.31075113989308,Gaming,1231.4580273574338
92,46,M,57889,East Josephville,5,37.015384583583995,3,63.59609919541231,Laptops,2289.459571034843
93,26,F,20000,West Juan,5,37.872729880011846,5,132.9245491405949,Accessories,7975.472948435694
94,31,M,20000,Lake Matthew,3,39.311159083909345,3,64.84198212330415,Gaming,2334.3113564389496
95,30,M,20000,Williamview,6,23.96020113392776,1,45.42846954092357,Gaming,545.1416344910829
96,18,F,68274,North Cynthiaview,4,18.985162430230428,3,156.05581564219273,Accessories,5618.009363118938
97,38,M,27558,North Matthewberg,5,9.653183273053276,2,58.18547056377383,Laptops,1396.451293530572
98,38,F,130496,Evanmouth,3,26.373971663203047,0,105.5235819498451,Gaming,0.0
99,35,F,27388,Hoffmanville,7,22.224668760451447,2,102.07255578172814,Smartphones,2449.741338761475
100,32,M,39826,Lake Rebeccaside,3,41.61608813657138,4,15.681150501457495,Electronics,752.6952240699597
101,18,F,78515,Port Mikeside,6,27.12441889848865,3,91.98048930496573,Electronics,3311.2976149787664
102,29,F,99016,South David,7,19.69594262772442,2,113.45239748437328,Electronics,2722.857539624959
103,30,F,101798,Michaelton,1,18.114645460388992,3,110.62928144556582,Laptops,3982.6541320403694
104,25,F,66448,Jasonbury,6,49.888200537837946,3,127.10562051410506,Gaming,4575.802338507782
105,33,F,60598,West Kimberlychester,4,29.779136850084225,1,88.37526055283698,Electronics,1060.5031266340438
106,39,F,48837,East Michelle,2,22.184955367260564,1,121.37513326276482,Electronics,1456.5015991531777
107,57,F,53593,South Angel,2,31.240418077720214,5,79.32012795759785,Accessories,4759.207677455871
108,37,F,27567,Kimberlychester,5,48.96889156165071,2,57.68597750761675,Gaming,1384.463460182802
109,38,M,24122,West Erik,5,26.103193577004443,4,61.06814872956302,Gaming,2931.271139019025
110,34,M,36254,South Monicafort,3,36.870107094481966,4,56.13668634413756,Accessories,2694.560944518603
111,18,F,33353,East Lisa,5,41.86461037330324,2,130.28757903673582,Gaming,3126.90189688166
112,34,M,28951,Baileybury,11,11.085761081500934,2,54.562794728243304,Smartphones,1309.5070734778392
113,35,F,51441,North Donna,2,23.61587581330461,3,108.2211652194791,Laptops,3895.961947901248
114,64,F,58550,Murphyland,6,40.610866281588635,4,92.02227417782701,Accessories,4417.069160535697
115,32,M,37956,Michaelhaven,5,23.006965608974937,1,96.92054279648106,Electronics,1163.0465135577726
116,38,F,76021,Frazierside,3,34.14625399267283,2,140.90821885599098,Gaming,3381.7972525437835
117,34,F,20520,Sheilaville,4,22.4151840087519,1,86.8471789835418,Smartphones,1042.1661478025017
118,20,F,32963,Gregoryview,10,25.54448096488073,6,118.34804684649049,Smartphones,8521.059372947315
119,48,F,25376,North Candacestad,1,24.326361943928937,2,101.12690054143336,Laptops,2427.0456129944005
120,44,M,20000,Samuelhaven,8,36.36670153695832,2,95.43943283101906,Smartphones,2290.5463879444574
121,44,F,34844,South Rachelborough,3,32.01580114199593,1,168.9990737315942,Gaming,2027.9888847791303
122,24,F,34170,Bradleychester,5,30.9885944501102,4,56.75974762853891,Gaming,2724.4678861698676
123,51,F,77398,New Saraside,4,55.074952378588335,2,138.67395506312334,Smartphones,3328.1749215149603
124,18,M,49781,West Ryan,11,47.39697407120067,3,119.69219696469916,Gaming,4308.9190907291695
125,42,F,21761,Cindyville,3,10.187563794462196,1,85.61425016104647,Gaming,1027.3710019325576
126,61,M,91770,Williamchester,4,25.565903267814516,4,148.87955552324837,Electronics,7146.218665115922
127,23,M,66870,Richardport,3,54.26463674606992,4,44.5566966283439,Accessories,2138.721438160507
128,28,F,48583,East Robert,3,24.254099693119578,0,84.34700028102785,Gaming,0.0
129,36,F,32427,Byrdburgh,8,50.87745985875145,8,63.74553387192771,Gaming,6119.571251705061
130,28,M,22477,Richardtown,1,25.736731851317394,3,112.3625039461438,Laptops,4045.0501420611768
131,18,F,30148,Justinchester,5,27.66002429453437,2,66.60807696438468,Accessories,1598.5938471452323
132,35,M,62590,Stevenmouth,7,38.635713591358126,3,112.99191840223958,Accessories,4067.709062480625
133,22,M,93180,New Thomas,3,29.097928249921644,0,94.40690752535338,Accessories,0.0
134,40,F,78560,Lake Christopher,7,34.94624639574286,2,85.61938172031748,Smartphones,2054.8651612876192
135,23,F,28440,Clarencebury,5,45.74948699307639,2,111.65941738099932,Electronics,2679.8260171439833
136,53,M,20747,Jeffreyborough,7,37.58800933975769,1,91.94135128185808,Electronics,1103.2962153822969
137,25,M,38965,North Brandon,5,31.415321321496997,3,67.34095470822885,Laptops,2424.2743694962387
138,31,M,20000,Carrland,7,46.73526841717593,2,184.04118968904936,Accessories,4416.988552537185
139,44,M,42684,Perryshire,5,38.766874758750994,2,85.38498450912566,Accessories,2049.2396282190157
140,20,F,33731,Lake Heather,4,22.66456836902652,2,33.47172759543956,Gaming,803.3214622905494
141,37,F,28766,Rossberg,5,49.80075233444019,3,74.73703930835835,Smartphones,2690.5334151009
142,50,F,20000,Port Michelleville,11,36.42365592050178,3,61.9816993488181,Smartphones,2231.3411765574515
143,18,F,46948,Robinsonhaven,7,27.863232311301385,3,124.78436848121547,Laptops,4492.237265323757
144,37,F,27823,Williamsbury,6,9.791824154140528,1,109.64957978774758,Electronics,1315.794957452971
145,38,M,20232,South Dennismouth,3,16.22423619935333,2,111.96138405371033,Accessories,2687.073217289048
146,44,F,20000,Stephaniemouth,0,47.001349103999374,3,88.89932602488267,Laptops,3200.375736895776
147,20,F,35819,Rivasside,10,47.3966525197045,0,91.61949258829236,Smartphones,0.0
148,19,F,88091,Merrittfort,5,30.852840687332403,3,88.87206689176995,Smartphones,3199.3944081037184
149,41,F,83335,Greenbury,5,12.297558240245138,1,97.56420447593591,Smartphones,1170.7704537112309
150,38,F,28895,Katiehaven,3,19.13024746349394,1,125.06000306094506,Accessories,1500.7200367313408
151,38,M,26873,Simsview,4,13.762316479504221,0,110.0822623751604,Accessories,0.0
152,39,M,45907,Jonesport,2,13.398887400862392,2,115.003384888626,Accessories,2760.081237327024
153,26,M,22044,West Matthew,2,50.26802368936906,3,114.98676724747608,Gaming,4139.523620909138
154,37,F,42230,East Edwardfurt,7,50.59917908414474,2,126.53327312145214,Electronics,3036.7985549148516
155,38,M,53265,Lake Jason,3,18.791528464344303,4,108.64450124620764,Smartphones,5214.936059817966
156,26,M,67068,Russellside,1,29.912650241024007,1,110.76544218036756,Smartphones,1329.1853061644106
157,57,F,34541,Perryborough,3,17.152038400681974,2,135.6641872357947,Gaming,3255.940493659073
158,40,F,32799,Priceshire,7,29.847619534999133,1,80.04862245990664,Smartphones,960.5834695188796
159,20,F,23412,Port Nicoleshire,5,46.393038833690966,2,74.32772260145478,Smartphones,1783.8653424349147
160,42,M,24018,Woodsstad,5,40.78719050803015,4,64.42235202439431,Accessories,3092.272897170927
161,23,M,32427,Karenchester,4,38.08662765497287,0,105.48743690860768,Accessories,0.0
162,44,F,43637,South Jeffrey,5,28.058202627371355,3,44.3880327634263,Electronics,1597.9691794833468
163,48,F,57342,Tuckerfurt,5,42.619671159963644,1,113.86462288179032,Smartphones,1366.375474581484
164,25,M,24304,Elizabethfurt,3,36.46668746583331,2,96.72420716498343,Laptops,2321.380971959602
165,46,M,76599,Port Tanner,3,34.039155813157194,1,134.0391909946317,Smartphones,1608.4702919355805
166,39,F,31711,New Amanda,6,28.845906618002147,2,79.84248068605028,Smartphones,1916.2195364652066
167,44,F,35929,Vargastown,6,33.18372939514666,3,93.9004514374748,Electronics,3380.416251749093
168,57,M,24994,Lake Roymouth,4,32.88251577869327,3,133.66609999880106,Laptops,4811.979599956838
169,32,F,20000,North Jorge,9,24.585683549257393,1,141.49406940334455,Smartphones,1697.9288328401346
170,25,M,56501,Jasonmouth,6,22.250834662727335,1,79.59542902744539,Laptops,955.1451483293447
171,24,M,52492,Kathleenfurt,5,20.0309303966961,3,105.4534369776148,Accessories,3796.323731194133
172,25,M,31550,Karenchester,5,20.67136888206407,5,108.83256933052144,Accessories,6529.954159831286
173,34,M,37552,Maryfort,4,28.118971244549485,1,111.20960216863445,Laptops,1334.5152260236134
174,39,F,47003,Lake Amberstad,10,26.473151010044184,3,92.12273022053134,Smartphones,3316.418287939128
175,38,F,20000,Lake Casey,6,23.792662533974436,1,138.44150194370906,Laptops,1661.2980233245087
176,44,M,27874,Port Anthonybury,2,23.052185252648343,1,43.30889549135364,Laptops,519.7067458962437
177,35,M,54021,Port Andrew,4,32.91880026116316,2,87.36609295596747,Accessories,2096.7862309432194
178,52,M,20000,East David,3,43.77607447174306,0,113.4379219831884,Laptops,0.0
179,31,M,42056,New Staciemouth,2,29.89084318926551,2,113.71674435848031,Gaming,2729.2018646035276
180,67,M,20000,Katieburgh,5,29.23669199959231,2,140.5827709184429,Gaming,3373.9865020426296
181,42,F,45853,Port Loriport,6,20.651133072866305,1,135.9467617960386,Accessories,1631.3611415524633
182,24,F,35674,New Anthonyport,5,27.769301882092922,4,91.4337512407833,Smartphones,4388.820059557598
183,22,F,20000,Sandersborough,10,41.90336340609369,5,138.99613730591813,Smartphones,8339.76823835509
184,40,F,65014,New Hannahbury,5,40.37461103508973,2,78.57874768667635,Accessories,1885.8899444802323
185,32,M,25152,Lake Kendraville,5,39.67973744274335,1,127.92662148375513,Smartphones,1535.1194578050615
186,43,M,24218,West Amandastad,4,39.35868829219842,2,154.3156743526298,Electronics,3703.576184463115
187,40,M,40146,New Deborahtown,4,34.36732555564835,3,136.44832320564907,Gaming,4912.139635403366
188,34,M,64493,Shortville,3,34.01207163482995,0,103.1731115057237,Electronics,0.0
189,24,M,21852,Yumouth,6,32.44750326684774,1,90.04663684683634,Electronics,1080.559642162036
190,18,F,37452,South Gregory,4,25.83114719947486,5,54.14226111222141,Electronics,3248.5356667332844
191,29,M,44999,Christinaside,2,30.836993986155093,3,109.31618913742612,Accessories,3935.38280894734
192,45,F,51356,Marshallshire,9,32.155996837058666,0,66.54348316087243,Electronics,0.0
193,37,F,39664,Marcusbury,5,36.33168603316052,4,76.2059600915819,Laptops,3657.886084395931
194,20,F,30226,West Nicolebury,9,31.002564870451593,2,64.27762597789985,Smartphones,1542.6630234695963
195,37,F,24009,Hudsonfurt,5,51.05161380972418,2,86.18823002030035,Accessories,2068.5175204872085
196,39,M,37913,Anthonymouth,5,17.90187802942088,1,99.16091756539053,Laptops,1189.9310107846864
197,24,F,21246,South Jason,1,37.544756997707,4,108.20843743497116,Laptops,5194.004996878615
198,36,F,20000,Matthewview,5,29.587562933609465,1,81.9848009375811,Gaming,983.8176112509732
199,35,F,45174,New Stacyland,8,30.02146282126542,1,132.0785111918555,Gaming,1584.9421343022661
200,21,M,57066,Lake Richard,6,21.87424217689192,3,93.75384226030103,Laptops,3375.138321370837
201,39,M,20000,Lake Thomas,2,40.19343267248685,2,76.36832700203442,Gaming,1832.839848048826
202,41,M,21919,Westtown,5,36.52841534321157,2,106.78876801730308,Smartphones,2562.930432415274
203,47,F,49492,West Jeffreybury,5,38.336373968036916,1,158.9065850063145,Smartphones,1906.879020075774
204,47,F,101594,Elizabethstad,4,31.692454048189646,2,110.05481699605353,Gaming,2641.3156079052847
205,18,M,36695,Transtad,6,26.75105185359775,2,89.11433117879179,Electronics,2138.743948291003
206,23,F,25235,Barajasside,5,29.33438451455543,1,54.17615931643888,Laptops,650.1139117972665
207,41,M,33141,Michaelmouth,6,34.3346565005564,2,93.41763037083788,Smartphones,2242.0231289001094
208,41,M,72217,Kristopherbury,5,9.944238270802593,1,107.04784375264347,Gaming,1284.5741250317217
209,41,F,26291,Lake Jamesville,4,38.72932867575457,3,88.3725732623329,Gaming,3181.4126374439843
210,81,F,24352,East Javier,7,54.26192814683067,0,50.038460852770015,Smartphones,0.0
211,41,F,28527,Hillshire,5,34.80335046953476,1,74.48303831489699,Smartphones,893.7964597787638
212,48,F,22546,Tinaborough,7,27.19073375792226,2,143.63615382663272,Electronics,3447.2676918391853
213,46,M,38612,Jeremyburgh,6,28.387647453207304,3,143.02003011191383,Gaming,5148.721084028898
214,42,M,81825,Alexisside,4,37.07542350934169,3,73.40082492386206,Gaming,2642.4296972590346
215,31,M,42682,West Brandon,8,27.417113366848817,0,120.18270361598266,Accessories,0.0
216,44,M,32010,New Kellyberg,4,38.68675271339177,1,64.64281645689479,Electronics,775.7137974827375
217,25,M,31385,Garciatown,3,28.25859282869756,2,142.12948845984857,Smartphones,3411.1077230363658
218,32,F,20000,Taylormouth,5,47.14183466624337,0,107.35707543682709,Smartphones,0.0
219,29,M,56475,Jackton,10,46.86596136022188,2,128.48924495849602,Laptops,3083.7418790039046
220,35,M,34929,Shelleyfort,6,26.69830332059059,3,48.54719958452383,Smartphones,1747.6991850428578
221,62,M,33181,Port Cameronfort,4,29.189761632612004,2,120.32911305774664,Gaming,2887.898713385919
222,18,F,179253,New Crystalton,3,29.7763113812166,4,99.7697780894649,Smartphones,4788.949348294314
223,43,F,42166,East Lisa,3,29.910336742362603,2,125.55787212372528,Gaming,3013.388930969407
224,18,F,24936,Christopherbury,5,20.525709549393238,2,127.44603394293549,Gaming,3058.7048146304514
225,29,F,29343,New Kathybury,2,19.127393157256478,0,101.97354068424248,Electronics,0.0
226,48,M,64487,Hayesmouth,6,42.497575715479556,0,81.97511082712256,Smartphones,0.0
227,35,M,38431,Michellechester,2,40.89787014204167,2,123.39088546538483,Electronics,2961.381251169236
228,22,F,20000,Ashleyton,5,40.725207141772714,1,98.19536501784617,Gaming,1178.3443802141542
229,26,F,57504,Port Jaredborough,2,29.30621633059671,1,73.81645139417073,Smartphones,885.7974167300488
230,43,M,26001,Donnaburgh,6,48.920117699896956,3,72.39543305626943,Smartphones,2606.235590025699
231,26,M,92655,East Andrea,3,29.775310233254327,2,55.68506751062855,Electronics,1336.4416202550851
232,37,F,62319,North Ricky,5,38.62876173899741,4,84.6912652131081,Electronics,4065.1807302291886
233,35,F,29037,Carterbury,2,16.113779854650158,3,133.08076138223134,Gaming,4790.907409760328
234,27,F,68906,Jasminemouth,6,27.702646685021495,2,105.33489399116303,Gaming,2528.0374557879127
235,60,F,37568,Lake Jesusview,6,28.441789444261833,1,84.10696882230877,Smartphones,1009.2836258677053
236,42,M,55624,South Danny,7,29.345124619783853,1,124.1456781454024,Smartphones,1489.748137744829
237,18,M,46275,Lake Edward,6,16.745010320043143,2,75.02570134829834,Accessories,1800.61683235916
238,37,M,23785,Margaretland,6,37.038809278242574,5,102.86050822998335,Accessories,6171.630493799002
239,27,F,26323,East Laurashire,4,40.286103113033775,4,94.61108881823453,Laptops,4541.332263275258
240,45,F,60777,Scottmouth,4,22.561406108770843,1,123.37391876765057,Gaming,1480.4870252118067
241,25,M,30718,Hollyview,7,18.526584836786707,0,52.683148872414975,Laptops,0.0
242,33,M,29678,Kimton,5,22.310583751060776,0,74.49406762556032,Laptops,0.0
243,41,M,22526,Navarroview,5,34.95498669140181,5,50.85263022716399,Electronics,3051.1578136298394
244,45,M,44882,North Jeremyshire,8,24.033966450916456,4,92.2120983457219,Electronics,4426.180720594652
245,20,F,101850,Port Emilyview,4,28.65934750363624,2,136.34282510897293,Accessories,3272.2278026153504
246,30,M,21295,Port Katelynfort,2,19.265392552973047,2,84.83658371039418,Laptops,2036.0780090494604
247,29,M,36757,Moonburgh,3,49.79286405501463,4,84.67948185413047,Accessories,4064.6151289982627
248,27,M,73578,Waltersfort,4,30.73198628162783,3,126.15173272552408,Gaming,4541.4623781188675
249,56,M,34897,South Michaelmouth,6,41.497153292266304,6,132.056486753659,Smartphones,9508.067046263448
250,39,M,45532,Elizabethburgh,9,34.931698342388366,0,97.34286798193631,Electronics,0.0
251,19,M,21349,Robertfort,3,29.58119945034931,3,120.54144562149676,Gaming,4339.492042373883
252,46,M,44988,Elainefurt,5,29.06337675110722,1,67.6913637736616,Gaming,812.2963652839393
253,60,F,33071,South Christopherview,3,22.74756323362215,1,141.33923001776242,Electronics,1696.070760213149
254,47,F,59448,Darrellfurt,2,25.495368491162747,1,164.46118881811154,Electronics,1973.5342658173386
255,18,F,65755,Lake Mollymouth,4,19.921976684014954,5,115.63647373566175,Laptops,6938.188424139706
256,29,F,132558,Brownhaven,9,18.83134028067055,6,37.47005135971599,Accessories,2697.843697899551
257,50,M,48524,Cindyfort,4,50.86375417551352,1,83.25309212806647,Gaming,999.0371055367976
258,26,F,42740,Wolfborough,5,32.78912365081943,2,118.38475965007964,Laptops,2841.2342316019112
259,40,F,40022,Andreaport,8,44.6571724170406,0,87.35551008500912,Laptops,0.0
260,44,M,30437,Gilmorefort,8,22.05937742963978,0,138.16595662750294,Gaming,0.0
261,23,M,43012,North Teresabury,5,17.48396407535256,4,117.64471793307595,Gaming,5646.946460787645
262,34,F,31328,West Andrea,3,20.22221789041149,2,78.8057349770261,Smartphones,1891.3376394486265
263,18,F,39506,Davisville,9,25.779281149103042,1,100.96794432313759,Accessories,1211.615331877651
264,22,M,70178,Valentineberg,2,30.3649993182616,2,73.1850033808273,Gaming,1756.440081139855
265,31,F,21954,Cantuport,8,28.49063383156007,0,94.52245364762675,Electronics,0.0
266,20,M,64211,Robertfort,7,22.268090315133716,0,83.36220278702345,Smartphones,0.0
267,54,M,70161,Sanchezside,6,30.87715009317764,2,135.24285400699114,Accessories,3245.8284961677873
268,18,M,34233,South James,9,31.75386124539947,2,163.48036170492986,Electronics,3923.5286809183167
269,29,M,20000,Port Chad,3,37.02276427551578,0,57.06435000292744,Electronics,0.0
270,36,F,26798,Morganhaven,6,44.70432303012538,2,42.30351141370743,Accessories,1015.2842739289783
271,52,M,69459,Loriport,7,26.36106210491077,1,92.64482734445843,Smartphones,1111.737928133501
272,18,M,35902,Maryshire,7,42.15480593634632,3,54.447529035139524,Electronics,1960.1110452650228
273,48,F,22034,Grimesmouth,5,30.65937593427987,4,101.38634811012751,Laptops,4866.54470928612
274,35,M,28215,Reedside,5,14.726810125822185,4,122.4680834141778,Accessories,5878.4680038805345
275,23,F,55287,Gibsonmouth,1,47.83270810395837,2,144.82425691800475,Accessories,3475.782166032114
276,40,F,47732,Lake John,7,52.725364418996904,4,106.04183676145843,Gaming,5090.008164550005
277,37,F,32226,Hallchester,4,36.19096478051551,4,94.20534325451263,Smartphones,4521.856476216606
278,27,M,30229,West Juliefurt,7,30.897849644191318,2,40.64845250280747,Laptops,975.5628600673793
279,35,F,29855,Mcneilberg,5,27.285949398355033,2,100.78555447557396,Laptops,2418.853307413775
280,30,F,22897,Hannaberg,5,25.360520305155916,0,102.13861781648384,Gaming,0.0
281,36,M,81445,Mollymouth,3,42.10701253147516,4,119.16870442638236,Electronics,5720.097812466353
282,42,F,30910,New Reneetown,5,29.82726761951827,3,78.74535695412726,Electronics,2834.8328503485814
283,54,F,66741,South Monica,5,46.739397972447684,2,86.94842199292421,Laptops,2086.7621278301813
284,20,F,77703,North Terrance,4,30.348624153291656,3,55.65993234087447,Smartphones,2003.757564271481
285,60,F,59823,Matthewfurt,3,25.876533065765926,3,31.261215793478044,Electronics,1125.4037685652097
286,18,F,29266,Port Markside,3,23.986995354882673,2,66.7450872760965,Accessories,1601.8820946263158
287,33,M,44438,Finleyfort,5,22.56283914705502,6,52.890225572409506,Gaming,3808.096241213484
288,42,F,35878,New Caseyport,10,35.14145826406046,1,110.10136886261833,Smartphones,1321.21642635142
289,38,F,23112,Lake Christopher,2,17.055066451419883,2,84.45597829999429,Electronics,2026.9434791998628
290,27,M,42709,Port Cynthiaville,5,21.81662516663747,2,83.85288609775633,Laptops,2012.469266346152
291,32,M,20140,Jacksonport,3,43.244826258410704,2,70.46760861474364,Gaming,1691.2226067538472
292,29,M,65764,North Markton,4,20.454506891755223,3,10.0,Electronics,108.82933288657154
293,27,F,28787,Michaelchester,6,38.62704921990017,2,145.2493224624265,Laptops,3485.983739098236
294,45,M,40158,East Amanda,3,9.369881884991848,3,69.99188431669634,Electronics,2519.707835401068
295,39,F,41841,East Gregory,4,44.50087042175752,1,87.62739790450279,Gaming,1051.5287748540334
296,26,F,31905,Harveybury,4,17.297681609724535,1,56.35323504132069,Accessories,676.2388204958482
297,45,M,48695,Durhamberg,5,21.23606256525241,0,129.157910303219,Accessories,0.0
298,38,M,28639,South Dana,8,36.803425779863254,6,104.30286811111974,Laptops,7509.806504000621
299,44,F,56142,Scotttown,5,32.704081342080485,2,75.20904144202395,Accessories,1805.0169946085748
300,42,M,20000,Santanaside,6,38.94987436094807,6,88.23311165967928,Gaming,6352.784039496909
301,25,F,38684,North Scott,3,17.217373707424247,2,150.3453976637461,Laptops,3608.2895439299064
302,28,M,95746,Vanessaport,4,27.13194590666461,1,97.81091704356164,Electronics,1173.7310045227398
303,43,M,22022,Vaughnmouth,5,23.82921790789563,1,94.54799387152282,Smartphones,1134.575926458274
304,42,M,25877,Jamesfurt,6,18.898112018475764,0,71.75855541582204,Electronics,0.0
305,34,F,46955,Rodriguezfurt,7,35.95897458520366,2,43.16256548583091,Gaming,1035.901571659942
306,36,M,39727,Baileyport,5,39.430514466067955,2,95.19883979261967,Laptops,2284.772155022872
307,50,F,43274,Port Dominiqueview,2,26.631337949594663,5,109.76455336973854,Electronics,6585.8732021843125
308,27,F,46378,New Michelleton,6,45.2271129929617,1,132.98753392983008,Laptops,1595.850407157961
309,41,F,49879,Wallport,4,22.142997791216573,1,32.54510396501034,Accessories,390.5412475801241
310,32,F,63249,New Laurie,2,44.984673241370416,2,66.24711018930913,Smartphones,1589.930644543419
311,32,M,44574,Lake James,4,35.62239059758266,2,82.57776728330649,Gaming,1981.8664147993557
312,48,F,32188,Ericaberg,2,17.76432814524989,2,99.89557454280394,Electronics,2397.4937890272945
313,44,F,50832,Lake Debbieport,3,49.81524267082669,0,95.64898925414732,Smartphones,0.0
314,44,M,93895,Johnsonstad,4,25.55522466808973,3,96.34933942938191,Gaming,3468.5762194577487
315,50,F,33985,North Renee,7,42.05117739614451,3,112.24288175709833,Gaming,4040.7437432555403
316,35,M,22308,Julieburgh,5,31.456491219296325,3,72.90120667662673,Accessories,2624.4434403585624
317,43,F,63167,East Kristin,5,33.744412244518315,1,128.02424326701083,Laptops,1536.29091920413
318,31,M,34194,Alyssaview,7,39.01206780492308,3,113.00357325098442,Laptops,4068.128637035439
319,38,F,20000,West Robin,9,38.45851184469004,1,90.40503207615762,Smartphones,1084.8603849138915
320,33,M,55476,Coffeyport,7,26.578534368765396,2,148.02723975666746,Accessories,3552.653754160019
321,36,F,27787,Lindamouth,6,35.31665595938595,2,146.692481067153,Gaming,3520.619545611672
322,42,F,34708,East Karenbury,6,34.565998486985016,1,127.98686065581425,Accessories,1535.842327869771
323,25,M,42872,Coffeyside,9,32.13561199689245,5,10.0,Accessories,566.5978129779734
324,60,M,39944,Christopherfurt,2,27.96683466170271,1,147.36835278153927,Smartphones,1768.4202333784713
325,22,M,51778,West Amandamouth,3,32.11564833194248,2,123.84275567415803,Laptops,2972.226136179793
326,20,M,29209,Emilyview,9,49.6754074619586,1,160.19225913138808,Accessories,1922.307109576657
327,48,F,46936,Carsonstad,3,27.049726478858425,4,137.12393775200616,Accessories,6581.9490120962955
328,44,F,31895,Lake Jesustown,8,42.06587419804209,2,147.35028032491857,Accessories,3536.4067277980457
329,42,M,52543,Rosebury,5,23.803635760835355,1,126.35964550541138,Electronics,1516.3157460649365
330,42,F,49398,Lake Madisonport,4,21.18685337677256,1,140.46079595936536,Accessories,1685.5295515123844
331,34,M,22749,Wilsonton,9,62.76399345113,1,159.82371222203318,Accessories,1917.8845466643982
332,24,M,62504,West Wendyville,2,35.400241969892434,3,106.49664215134618,Gaming,3833.8791174484622
333,35,F,27778,East Paigeberg,5,35.67513461289613,1,52.83308367765611,Electronics,633.9970041318734
334,26,F,54395,Chavezside,10,35.952277718342025,1,90.77617299954574,Accessories,1089.3140759945488
335,46,F,43636,Matthewsberg,5,44.07299706534589,3,111.6983679815031,Accessories,4021.1412473341115
336,33,F,91043,Penafort,4,34.07810014617754,3,102.24662753114673,Smartphones,3680.8785911212826
337,25,F,32476,Crosbyview,7,38.16221872557192,2,62.603141015217204,Smartphones,1502.475384365213
338,31,F,30495,Lake Mitchellmouth,3,19.41431721743477,0,51.067971244150634,Electronics,0.0
339,39,F,35964,Sampsonstad,6,39.83923537244452,1,77.76511994095512,Gaming,933.1814392914614
340,28,M,31207,Lake Michaelstad,3,27.63239441962459,2,124.23218667952453,Electronics,2981.5724803085886
341,25,M,54174,South Joshuaville,3,36.717424821918726,1,147.41019312468907,Electronics,1768.922317496269
342,37,M,20000,Davisborough,4,12.848800453053041,0,127.49702841333104,Smartphones,0.0
343,37,M,21443,North Kristinbury,1,36.301795923651135,0,131.7228186134241,Smartphones,0.0
344,28,M,21292,Port Anne,2,7.581036452251713,0,97.57553280509327,Gaming,0.0
345,29,F,58404,Port Kathyborough,4,27.24084529563823,2,47.737526268821085,Accessories,1145.700630451706
346,37,M,85417,Port Molly,5,12.944484091003943,0,86.34338257351884,Gaming,0.0
347,18,M,34467,Kimtown,8,36.33036726250526,0,92.23706764382864,Accessories,0.0
348,18,M,33375,Micheleberg,7,30.692698811758753,5,85.08842539492953,Laptops,5105.305523695772
349,26,M,37610,New John,7,22.292125969597237,3,101.64084596123878,Smartphones,3659.0704546045963
350,32,M,64921,North Donna,2,44.34408045034828,1,113.24259279678851,Laptops,1358.9111135614621
351,38,M,22841,East Alexisbury,6,21.033335056666182,0,125.59045564730492,Laptops,0.0
352,52,M,40912,Alfredview,8,1.0,2,91.65640406900998,Smartphones,2199.7536976562396
353,45,F,59136,East Judyhaven,6,35.136350338651525,0,42.887217830662195,Laptops,0.0
354,33,F,46655,Lake Brycemouth,4,12.334012805860507,1,85.51366842126595,Electronics,1026.1640210551914
355,34,M,39926,Williamville,4,21.349903569891573,1,101.31131190975951,Accessories,1215.735742917114
356,22,F,59905,Gordonton,4,24.82653427060722,2,136.68423766400224,Gaming,3280.4217039360537
357,34,F,20000,Stephentown,1,15.760061503039882,2,82.96576473447683,Smartphones,1991.178353627444
358,31,F,50967,South Melaniechester,6,25.062724139417792,3,115.37630885198206,Electronics,4153.547118671354
359,38,F,26185,South Jennifermouth,8,15.947181127451104,2,108.70263698906297,Gaming,2608.863287737511
360,25,M,20000,North Marcberg,7,31.62383185133047,2,101.31701599370166,Gaming,2431.60838384884
361,41,F,46891,East Joshuashire,7,17.71254744247811,2,127.91599957973774,Gaming,3069.983989913706
362,53,F,72173,Oscarhaven,6,30.301463987820146,0,80.17476409742258,Laptops,0.0
363,33,F,33903,Shawnchester,6,41.620077042712104,2,82.7444065106945,Laptops,1985.8657562566682
364,39,M,58479,Port Jacquelineside,4,37.82372770292163,0,99.64297530717316,Laptops,0.0
365,43,M,81319,South Shannon,3,29.182893078584218,0,80.79560484718901,Laptops,0.0
366,30,M,70084,South Matthew,6,20.112626815801818,4,115.24036873163799,Electronics,5531.537699118623
367,37,M,82452,Rossville,3,31.59177115922581,2,78.60423086901602,Laptops,1886.5015408563845
368,35,M,52631,Ronaldview,10,23.042808755329144,3,106.78912623235404,Smartphones,3844.4085443647455
369,36,M,37711,Stephaniefort,5,32.01123458701526,4,96.9948169363973,Gaming,4655.751212947071
370,25,M,20000,North Marieland,6,12.847147825470007,4,106.44777894330117,Electronics,5109.493389278457
371,35,F,32111,Davisstad,6,38.07261056335642,1,86.20775814810882,Laptops,1034.4930977773058
372,40,F,23822,New Brian,4,30.332165630131477,3,89.82735116419519,Gaming,3233.784641911027
373,52,F,107524,Elizabethchester,6,52.085166800091734,1,102.8802780399115,Electronics,1234.563336478938
374,46,M,33258,Morganchester,5,43.060614618427266,3,106.06223518483938,Gaming,3818.240466654218
375,60,M,38622,West Carolinestad,3,35.66186936421057,1,99.87394253826531,Electronics,1198.4873104591838
376,25,M,47845,New Williamberg,2,28.760070262924312,2,151.16087069539253,Accessories,3627.8608966894208
377,45,M,37115,Walkerville,3,22.70395636298334,3,70.27789243776147,Electronics,2530.0041277594128
378,37,M,84755,Meganstad,2,39.42409295034135,1,98.07388615141859,Laptops,1176.886633817023
379,61,F,26600,Port Joshuabury,8,27.70530208680288,4,52.791129336490464,Gaming,2533.9742081515424
380,25,F,40026,Bruceside,7,41.683646329483,2,111.1624443600216,Gaming,2667.8986646405183
381,24,M,25053,New Sarahview,4,34.00823163735286,0,66.54260390869558,Gaming,0.0
382,27,M,20000,East Joshuaport,3,34.07997127249764,1,91.65069232370271,Smartphones,1099.8083078844325
383,18,M,26745,Michaelburgh,3,35.94526126967961,0,88.83807024006022,Smartphones,0.0
384,28,M,35649,New Diane,6,20.803730615624428,1,108.42673379803514,Laptops,1301.1208055764218
385,25,F,29300,East Joycetown,5,19.77863756126377,4,83.4162724736446,Accessories,4003.9810787349406
386,36,M,25688,Lake Alyssafurt,1,19.432905516367754,2,82.14082906918053,Smartphones,1971.3798976603325
387,39,M,20000,Chavezburgh,8,40.474969148759904,2,143.07569392257693,Electronics,3433.8166541418464
388,57,M,34837,Larrymouth,9,20.542784124815274,1,108.5370037142358,Laptops,1302.4440445708296
389,46,M,20000,North Ericton,4,21.788402918046636,1,83.16847443933196,Accessories,998.0216932719835
390,28,F,53105,West Scottchester,7,35.375171269731425,4,92.47498984566307,Electronics,4438.799512591828
391,24,M,37843,Lawsonchester,3,27.47950875365144,4,149.36064856812234,Gaming,7169.311131269873
392,40,M,20000,Jasonhaven,7,26.202057579080442,1,92.9450536524671,Smartphones,1115.3406438296051
393,19,F,31113,West Russellport,5,25.3344503117308,4,79.32170130542838,Electronics,3807.441662660562
394,56,F,24932,Roseport,6,6.743683221586522,0,79.45011549620821,Accessories,0.0
395,49,F,42599,East Randallton,8,20.331184740359816,2,83.52620557031268,Laptops,2004.6289336875043
396,29,M,70985,East Kevinborough,2,41.81563136882092,0,82.16506832719833,Electronics,0.0
397,18,M,20000,Port Jonathan,4,24.606018984660274,2,61.61056454952271,Laptops,1478.653549188545
398,51,F,38465,Davidfort,9,10.995102939822598,1,66.27399709159066,Gaming,795.2879650990878
399,33,F,33521,Thompsonfurt,4,19.920057611315094,3,75.1203887691589,Accessories,2704.3339956897203
400,49,F,50800,New Angelica,4,33.598539647549956,3,117.74713055359294,Accessories,4238.896699929346
401,18,F,40400,Charleston,3,33.40034609205738,0,88.5628813818138,Smartphones,0.0
402,27,F,24934,Smithland,4,27.057193874386503,2,93.7851493271788,Accessories,2250.843583852291
403,35,F,30960,Barbarashire,4,23.107959529149664,0,138.1026407576469,Electronics,0.0
404,35,M,24391,Mckinneychester,6,15.978040142439564,2,138.85021449815255,Electronics,3332.405147955661
405,29,M,62193,Dariustown,7,33.68185036412008,1,91.53625170586795,Electronics,1098.4350204704156
406,42,M,36704,Georgemouth,3,38.37870417667789,3,81.07409467949773,Gaming,2918.6674084619185
407,22,F,93957,Christopherville,6,42.888800020518445,2,74.06709058979386,Accessories,1777.6101741550528
408,33,F,35230,South Brianna,8,18.894126413099567,1,120.78327309124714,Accessories,1449.3992770949658
409,36,F,25483,South Monicamouth,7,43.65522980406188,2,93.85878299433136,Electronics,2252.6107918639527
410,41,F,20000,West Kimberly,3,29.433879127355432,3,88.40515329031629,Smartphones,3182.585518451386
411,43,F,20000,New Cynthiahaven,4,30.265719634043062,3,75.59006274587341,Smartphones,2721.242258851443
412,21,F,20000,Port Michael,6,38.93592040631461,0,76.91000772965835,Accessories,0.0
413,18,M,41504,East Curtis,8,24.590460965202674,1,109.60174574479734,Accessories,1315.2209489375682
414,50,M,46833,Jamesberg,3,8.361969986509713,4,60.53685202338214,Laptops,2905.7688971223424
415,38,F,20000,East Stephaniefort,4,37.04861548195761,3,129.84606081363816,Accessories,4674.458189290974
416,26,M,56812,Webstershire,3,33.485707442950726,1,83.98466068555244,Electronics,1007.8159282266292
417,53,F,28523,Maldonadoshire,8,26.39723153123024,0,95.51092167244623,Gaming,0.0
418,36,M,39081,Michellemouth,1,36.22531343937194,4,59.89066125578337,Accessories,2874.751740277602
419,49,F,81316,South Carlos,3,38.26943460465196,1,99.62902185272907,Accessories,1195.5482622327488
420,35,F,56864,Welchview,7,14.879936879384237,3,90.1503717192832,Electronics,3245.413381894195
421,59,M,31752,West Williamport,5,30.225129743977273,1,98.497582034306,Laptops,1181.9709844116721
422,56,M,23257,Hayeston,9,7.224373931509156,2,144.15126695085672,Accessories,3459.6304068205613
423,32,F,20000,Marieland,5,28.763068104882173,4,105.33094137370719,Smartphones,5055.885185937945
424,46,F,25347,New Brookefurt,4,26.272577559713106,1,76.16022447562588,Smartphones,913.9226937075106
425,42,M,32677,Carpenterton,5,34.9190901742724,4,78.66040268360295,Smartphones,3775.6993288129415
426,51,M,22168,Stoutshire,7,19.269447703760733,2,117.85393557741305,Gaming,2828.4944538579134
427,23,F,34008,West Cassidy,3,25.785134641484813,3,138.96079872980272,Gaming,5002.588754272898
428,43,M,37738,North Shannon,6,1.0,4,108.4575406225315,Accessories,5205.961949881512
429,47,F,32453,Toniland,7,35.57503821033837,5,120.66138233664309,Accessories,7239.682940198585
430,18,F,26238,North John,4,29.116000832059264,1,118.29213170010115,Accessories,1419.5055804012138
431,20,F,39510,Ritterhaven,4,30.8724143782061,2,142.57193240072564,Gaming,3421.7263776174154
432,18,F,45295,West Nathan,4,15.065692639652738,3,41.51229481821902,Accessories,1494.4426134558846
433,31,M,21053,Paulmouth,3,33.98062174853005,0,120.01656817913585,Electronics,0.0
434,43,M,73531,Port Crystalmouth,4,46.52749703514226,1,129.51208131710692,Laptops,1554.1449758052831
435,53,M,34568,West Codyfurt,2,28.150872811238095,2,59.8382888159328,Smartphones,1436.1189315823872
436,35,M,36659,Johnathanberg,7,36.50088908081644,0,73.42995447980752,Smartphones,0.0
437,54,M,51746,Christopherberg,6,21.293789768741153,2,74.4765175411554,Electronics,1787.4364209877297
438,18,M,40806,Kylefurt,7,29.23143809952945,4,78.1362941086785,Accessories,3750.542117216568
439,18,M,58487,New Jeanne,5,14.686593860418327,3,85.54848847193422,Gaming,3079.7455849896323
440,34,F,41921,West Angelicamouth,4,37.88121804693463,2,107.27808439164825,Accessories,2574.674025399558
441,39,M,26736,Lake Jacqueline,5,31.59840577165397,4,125.9702395350211,Accessories,6046.571497681012
442,34,M,43510,Lake Ellenhaven,4,17.80713614173937,3,132.4395087330561,Smartphones,4767.8223143900195
443,18,F,20499,Andrewport,7,21.981378231619182,0,74.86530816496655,Smartphones,0.0
444,33,M,38341,East Matthew,5,30.610861725983124,2,74.65891003891052,Gaming,1791.8138409338526
445,19,M,35717,Leeberg,6,39.23865015964175,5,139.4746552004867,Smartphones,8368.479312029202
446,43,F,32726,North Kenneth,5,44.79527203518518,1,119.40231806255933,Accessories,1432.827816750712
447,39,M,34054,New Kellihaven,2,28.658746209548433,2,102.48594525606988,Electronics,2459.662686145677
448,23,M,20000,Lake Matthewberg,4,16.353513261306194,2,114.20010026664902,Gaming,2740.8024063995763
449,28,M,27601,Mooreburgh,4,32.384651403237946,2,99.10588654445678,Electronics,2378.5412770669627
450,22,F,38041,Lake Samuel,6,47.84882399032351,1,115.73754049142843,Accessories,1388.8504858971412
451,34,M,39337,Diazbury,11,13.772515946774853,2,89.91799910482779,Gaming,2158.0319785158667
452,46,M,21723,Bishopmouth,6,20.45404350711069,0,108.06414803317692,Electronics,0.0
453,23,F,68381,New John,8,36.109643442466435,0,54.68361848891511,Gaming,0.0
454,41,M,23550,Mckeeborough,5,31.535991352541664,0,79.36647115523706,Accessories,0.0
455,28,F,58966,Erikashire,3,24.549802717351987,2,79.6896646962897,Gaming,1912.5519527109527
456,25,F,44963,Murrayport,5,32.201138733014524,5,88.76829900379258,Accessories,5326.097940227554
457,33,M,26288,Shawchester,1,39.775452018543156,3,72.20460235660755,Gaming,2599.365684837872
458,22,F,88225,Port James,8,29.01663657807501,4,83.99369122530754,Gaming,4031.697178814762
459,28,F,20000,Port John,6,28.139923057079038,1,54.56757812805638,Smartphones,654.8109375366766
460,20,M,57502,Sawyerside,4,35.89024169925717,2,116.46101429184701,Accessories,2795.0643430043283
461,58,F,59891,Lake Meghanville,7,27.294851180958037,3,97.52459443265816,Laptops,3510.885399575694
462,35,F,25969,Christopherburgh,1,41.42523560878131,2,48.8437717667195,Gaming,1172.250522401268
463,26,M,72855,Shannonhaven,7,50.26739678484351,3,74.9551026835998,Electronics,2698.383696609593
464,37,M,32047,Port Samuel,3,21.070580318703378,5,110.09804282686501,Smartphones,6605.8825696119
465,33,M,41954,Port Shannon,9,17.49974467215951,3,83.70934160842631,Smartphones,3013.536297903347
466,32,F,41363,Sarahchester,4,33.71719238690043,1,79.0917561958571,Gaming,949.1010743502852
467,42,M,33956,South Waynebury,2,17.144954769720975,2,97.76221968975771,Laptops,2346.293272554185
468,44,F,54469,Vangstad,4,16.974225210464628,1,110.30792605534648,Smartphones,1323.695112664158
469,28,F,54000,North Lucas,6,9.507942296761584,2,56.90942628882518,Accessories,1365.8262309318043
470,28,F,20000,Port Jennifermouth,2,26.17747752428125,1,116.50385443653639,Gaming,1398.0462532384367
471,31,F,69714,East Benjamin,1,29.6700969717275,2,75.9912015517787,Gaming,1823.7888372426887
472,18,F,20000,Hortonberg,7,24.82637010857767,1,99.46216095250604,Laptops,1193.5459314300724
473,18,F,60856,Westtown,7,43.90333183532171,3,98.93739577925471,Accessories,3561.74624805317
474,51,F,63790,North Jonathanberg,6,43.15887267046117,3,84.18801645280678,Accessories,3030.768592301044
475,54,M,21047,Rodriguezport,8,49.28843964021756,3,69.29020761607856,Laptops,2494.447474178828
476,32,M,29572,West David,7,30.465284659337087,0,91.42940355723209,Electronics,0.0
477,41,F,20892,South Danielle,5,41.83819058510777,0,148.75990927225584,Accessories,0.0
478,38,F,32615,Brownfort,6,33.08852648787153,1,59.14974908609107,Electronics,709.7969890330928
479,71,M,31131,Lake Zacharybury,6,32.08382312519621,1,150.76939057314627,Electronics,1809.2326868777552
480,48,F,53628,West Ruben,7,25.326139247045383,4,92.20836486770403,Gaming,4426.001513649793
481,33,M,69923,Johnchester,6,7.368532092448561,1,101.06114251265917,Gaming,1212.7337101519101
482,23,M,72972,Lake Elizabeth,3,36.372914550139896,2,67.39867565845819,Smartphones,1617.5682158029965
483,18,M,27416,Carloshaven,3,41.541362365280236,1,76.86191749967557,Gaming,922.3430099961068
484,37,F,32708,South Morganton,1,14.743820717017504,2,84.91271049885943,Accessories,2037.905051972626
485,25,F,20000,Zavalaview,5,29.903013378173917,0,68.62915087366264,Accessories,0.0
486,18,M,24271,West Kristinastad,3,39.9164716841457,4,93.73246127887384,Electronics,4499.158141385944
487,27,M,58831,Lake Diane,9,26.40501223354582,2,87.78952324579687,Accessories,2106.948557899125
488,22,M,81453,Port Bonniemouth,8,41.93103673332268,0,155.523434273072,Gaming,0.0
489,55,M,20000,North Michael,4,28.597169666426318,2,65.02077442958617,Gaming,1560.498586310068
490,45,M,27004,Lisaburgh,2,24.748414693017395,3,103.08071550245762,Gaming,3710.9057580884746
491,34,F,35839,Pollardfort,3,42.50286912941233,2,107.43538845705474,Laptops,2578.449322969314
492,52,M,41776,Port Dennis,2,20.66246263859903,2,67.89038354044487,Accessories,1629.369204970677
493,35,F,24226,Johnsonborough,4,22.750959681752068,2,120.60482486358515,Smartphones,2894.515796726044
494,24,M,44892,Port Jameston,4,21.044541152826937,0,88.05018961355115,Accessories,0.0
495,53,F,28654,Sarahhaven,5,18.574047305127372,0,25.228310452507984,Accessories,0.0
496,41,F,36054,Haysside,8,31.530339173743883,1,119.79548836313695,Laptops,1437.5458603576435
497,22,F,47721,Kingborough,6,24.87065398221497,3,66.49177347692908,Accessories,2393.703845169447
498,32,F,36432,Michaelton,3,34.88613096416458,4,68.56675161582703,Electronics,3291.2040775596975
499,24,F,29196,Joshuastad,5,12.653596644684754,2,120.63706248677195,Gaming,2895.289499682527
500,18,F,34378,Prestonmouth,6,18.774519094955835,2,89.5851555274465,Gaming,2150.043732658716
501,46,M,34745,Morganburgh,3,30.515790895263702,2,127.53316451654501,Laptops,3060.7959483970803
502,57,F,30181,Holtstad,8,44.69680597203717,0,136.30498286095957,Gaming,0.0
503,18,M,31907,Lauriechester,8,33.78502148917521,0,80.65214619033107,Electronics,0.0
504,41,F,80766,South Carrieburgh,5,24.10609405149557,0,123.79787487865092,Laptops,0.0
505,27,F,48072,Manuelland,4,15.104686466197029,0,77.33617595821354,Smartphones,0.0
506,29,M,31327,Donnaport,2,23.52153951593906,1,166.9934775139653,Gaming,2003.9217301675835
507,27,F,51455,Morrisonchester,6,29.575158774571793,2,79.21128986406354,Accessories,1901.0709567375252
508,24,M,30732,Lake Scott,5,6.423081059569107,3,130.7826232288001,Electronics,4708.174436236804
509,35,M,65287,Williamsstad,6,17.86629929752085,6,125.31370077644726,Electronics,9022.586455904202
510,25,M,43687,Hillton,7,22.624440353530275,3,109.48263466326802,Gaming,3941.374847877649
511,38,M,34418,Lake Danastad,3,27.42591392815039,2,79.8837051574995,Smartphones,1917.2089237799883
512,34,F,45426,North Douglas,9,29.456635202512953,2,95.45807524175773,Accessories,2290.9938058021853
513,32,F,20000,Johnsonland,2,23.89132221792865,0,35.392356611663445,Smartphones,0.0
514,24,M,20673,Port Deanna,0,35.05873182202917,1,106.7326011514675,Smartphones,1280.79121381761
515,28,F,20000,Patrickshire,6,31.24706903030465,2,110.48845993085156,Gaming,2651.7230383404376
516,44,F,39006,New Ericmouth,4,26.2993671549482,1,104.00498257184114,Accessories,1248.0597908620937
517,41,M,86358,Nathanland,6,36.43775380937932,1,10.800814861223273,Gaming,129.60977833467928
518,23,F,110818,New Michael,4,35.61940616510133,0,62.03090664730567,Gaming,0.0
519,36,M,49962,Debrabury,5,15.462014492537275,0,77.55727051454012,Electronics,0.0
520,44,M,46649,North Jillfort,2,29.67972430841355,3,108.74976799567139,Gaming,3914.99164784417
521,18,F,20000,Mcintyreville,5,38.90260531467201,1,108.68016716928953,Laptops,1304.1620060314744
522,41,F,27685,Kimberlymouth,4,40.57489279302178,1,94.89328624086463,Accessories,1138.7194348903754
523,27,F,24492,New Justin,3,33.70908790635287,4,119.0573660981187,Electronics,5714.753572709698
524,41,M,26624,Gonzalezberg,5,27.667114382536067,3,69.21272874091301,Accessories,2491.6582346728683
525,25,M,33387,South Geraldmouth,3,34.21319794232436,2,118.30705017081989,Electronics,2839.3692040996775
526,18,F,28679,Port Evelynmouth,3,38.07773431291783,5,114.24226314519673,Laptops,6854.535788711804
527,18,F,20000,Jennaside,4,31.158319490095643,2,111.32664198513731,Gaming,2671.8394076432955
528,35,F,52783,Patriciaburgh,8,32.28604145578421,1,94.53878706743032,Electronics,1134.4654448091637
529,38,F,21239,Port Michael,5,27.501968456646807,4,154.92231474493786,Electronics,7436.2711077570175
530,24,M,40930,North Tracie,4,16.6321479891632,4,114.79587065469636,Electronics,5510.201791425425
531,42,F,102440,East Kristy,4,28.256358797478445,4,70.94992410239323,Laptops,3405.596356914875
532,18,M,22932,West Angelastad,4,23.22886054119466,3,107.44916427207953,Accessories,3868.1699137948626
533,34,M,20000,Laraside,4,23.260786223369585,1,122.57450131222656,Laptops,1470.8940157467187
534,20,F,31476,New Nicole,7,44.338344891601565,3,82.35674203227072,Electronics,2964.842713161746
535,27,F,62974,West Raymondfort,8,39.515573777305,0,132.67816740793296,Electronics,0.0
536,35,F,96681,Hammondshire,7,13.065009091649273,0,111.46101117148032,Gaming,0.0
537,24,M,20000,East Teresaland,3,19.1512122372366,4,29.72564987003959,Laptops,1426.8311937619003
538,30,F,46553,Owenshaven,6,26.364379554474315,5,108.99015932013779,Laptops,6539.409559208267
539,47,F,28777,Davidside,6,23.593677698640377,2,87.81912536761854,Smartphones,2107.659008822845
540,28,M,34441,Port Tammy,4,33.17418273503792,1,116.11539443625207,Accessories,1393.384733235025
541,45,F,136239,Shawton,6,17.564149221927984,1,128.32644520755443,Smartphones,1539.917342490653
542,21,M,20000,New Ericburgh,9,39.585319612986154,1,105.85486141425454,Smartphones,1270.2583369710546
543,41,F,41227,West Sarah,6,29.55994455058174,3,149.95756701834085,Accessories,5398.4724126602705
544,52,M,45882,West Stacey,4,26.59487955288823,0,94.63879346309513,Gaming,0.0
545,18,F,62498,Meghanview,6,29.85680557284227,2,118.74453469161625,Gaming,2849.86883259879
546,25,F,38138,Lake Stephanie,7,25.824919264849683,0,124.14827720912042,Accessories,0.0
547,41,M,42362,Davidport,4,9.693574292738965,2,97.07962093321802,Accessories,2329.9109023972323
548,32,M,29857,New Danielleshire,3,30.119259807714762,0,123.36322923933346,Laptops,0.0
549,39,F,41546,East Donna,4,26.792536113654418,5,82.15981038513493,Laptops,4929.588623108097
550,27,M,30589,Meganshire,5,20.455429873472468,2,87.32294742936344,Laptops,2095.7507383047223
551,36,M,49552,Port Michelleland,3,40.974298314165814,2,60.62533928991063,Laptops,1455.008142957855
552,33,M,30187,Lake Kelliview,5,36.69438013393227,7,107.24227349110141,Electronics,9008.35097325252
553,49,M,43850,Port Ashley,3,54.388567065792515,1,109.75755027563032,Electronics,1317.090603307564
554,38,F,35788,South Pamelaside,5,38.34828501192453,3,135.37789475737688,Gaming,4873.604211265567
555,39,F,63769,Dawnport,5,23.565649329697234,0,123.73420013067651,Electronics,0.0
556,30,M,35394,Sanchezfurt,5,20.94210621398213,1,91.45613330057701,Electronics,1097.4735996069242
557,29,M,20000,Shawnton,6,25.05694398713645,2,64.6546093799717,Laptops,1551.7106251193209
558,29,M,68251,South Robert,6,23.33371384321355,1,112.98551207559922,Laptops,1355.8261449071906
559,39,M,23089,Harrisberg,6,31.08783363853966,2,133.32259517243926,Accessories,3199.7422841385423
560,29,F,26189,Michellemouth,5,14.612026228410002,0,122.6555492141183,Laptops,0.0
561,38,F,26961,Theresaberg,7,36.47286564046031,1,132.53432574571863,Accessories,1590.4119089486235
562,59,M,72201,Zacharyville,3,30.911963693714277,0,93.64331406405272,Accessories,0.0
563,45,M,20000,Johnville,5,35.324643077886954,4,86.00143095473064,Electronics,4128.068685827071
564,31,M,174359,Shannonberg,7,18.55853522972477,2,77.89295943304603,Laptops,1869.4310263931047
565,49,F,61576,North Kellyfurt,2,32.46688770336056,1,98.32310600159214,Electronics,1179.8772720191057
566,30,M,40603,Wrightburgh,8,42.99176580869636,0,97.64227612093542,Laptops,0.0
567,18,F,35332,Sarahmouth,4,21.39492748899784,8,106.20032885617348,Electronics,10195.231570192655
568,22,M,41888,Port Erik,2,21.12144292522794,1,96.12107628893476,Electronics,1153.452915467217
569,18,F,47125,Jimenezport,5,37.11957466717265,3,95.99116810819686,Electronics,3455.682051895087
570,30,M,50141,Johnsonfurt,5,20.30948948462417,2,76.69917841083569,Gaming,1840.7802818600564
571,35,F,47944,Levyborough,4,27.66716016842731,1,128.24857040654473,Electronics,1538.9828448785368
572,55,M,37979,Brandonport,6,44.757326789923454,1,102.29554186731134,Smartphones,1227.5465024077362
573,38,M,32903,Harperfort,8,21.26331108077374,4,94.76668197144153,Smartphones,4548.800734629193
574,32,M,33670,Amandaville,4,45.44442098874266,1,77.57712240252386,Smartphones,930.9254688302863
575,44,F,32943,Andersonview,3,26.64218258045869,1,60.04260668826742,Accessories,720.511280259209
576,18,M,64015,Kathrynstad,6,18.787986731611497,2,139.2389257764803,Electronics,3341.734218635527
577,37,F,48863,South Brettside,4,36.037041551226274,2,116.63916124395422,Smartphones,2799.3398698549013
578,44,F,20000,West Angela,2,31.077481346260676,0,51.28246472290098,Accessories,0.0
579,18,M,50410,South Williamside,3,30.131802608866895,2,122.89426902128972,Smartphones,2949.4624565109534
580,48,M,40029,Marciaville,1,22.312817394816346,1,127.67443510699327,Laptops,1532.0932212839193
581,39,M,35977,North Phillip,9,31.004529504521148,3,103.73128366902789,Gaming,3734.326212085004
582,30,F,29903,Angelastad,5,9.3236944591165,1,147.94332687255277,Electronics,1775.3199224706332
583,42,M,63707,East Carrie,3,32.18764736784771,2,106.50158926368648,Gaming,2556.0381423284757
584,62,F,58323,Porterton,4,42.97249200186054,6,57.495294161524306,Gaming,4139.66117962975
585,37,F,24675,East Jenniferfort,3,12.345713024742931,3,110.95507003144962,Laptops,3994.3825211321864
586,37,M,44512,Hernandezhaven,4,25.93224783706111,0,107.34691905138187,Laptops,0.0
587,29,M,22340,West Sarah,6,21.25360185851946,2,81.90109453665535,Laptops,1965.6262688797283
588,24,M,20000,Franciscoport,4,14.889459660871342,4,117.20676510632275,Accessories,5625.924725103492
589,44,M,26546,Williamhaven,2,9.471255796507648,0,49.97004201427414,Smartphones,0.0
590,24,M,55893,Ericksonport,6,18.191640830078647,3,129.71700482328367,Electronics,4669.812173638213
591,35,M,58487,Cabrerastad,3,27.576233846135928,2,73.65634889183642,Laptops,1767.752373404074
592,29,F,46936,Emilychester,6,41.49137048468535,3,70.45161624648902,Electronics,2536.2581848736045
593,40,F,52184,Lauratown,2,14.772854902094945,2,96.58525683077569,Electronics,2318.0461639386167
594,39,F,47008,Bakershire,8,32.94392759136207,3,112.98918784130906,Electronics,4067.6107622871264
595,47,M,26350,Lake Brett,3,32.19641586617015,1,104.91772190780289,Laptops,1259.0126628936346
596,28,F,45069,Jacksonfurt,6,46.71962960073275,3,77.72022502682866,Laptops,2797.9281009658316
597,31,F,54187,Port Erin,4,35.71031464397147,1,84.81732126424335,Smartphones,1017.8078551709202
598,23,F,52952,New Stacyville,5,36.285994930303794,5,66.00872957867614,Laptops,3960.5237747205683
599,29,F,65805,North Scott,6,36.993003997179,0,93.2596029511039,Laptops,0.0
600,39,F,51748,Hernandezborough,1,20.75767984680806,6,132.2506364353273,Electronics,9522.045823343566
601,44,M,43292,Shawfort,5,24.27177476419559,3,99.87211187068371,Smartphones,3595.3960273446132
602,23,M,62011,Lake Devinborough,7,41.16868162270738,2,125.78242764278359,Gaming,3018.778263426806
603,45,F,35837,Whitneyfort,6,9.49200144005852,3,143.66204013178574,Laptops,5171.833444744287
604,51,F,23366,Edwardsburgh,6,23.176889277928694,1,82.35944442889098,Laptops,988.3133331466918
605,39,F,33472,Barrmouth,7,16.691907381380005,3,94.40280240833906,Gaming,3398.5008867002057
606,57,M,25022,Ericaview,4,32.34244042039271,1,165.13578583187484,Electronics,1981.629429982498
607,25,M,25910,Leebury,3,25.783914146888804,2,143.33030235939836,Smartphones,3439.9272566255604
608,20,F,33783,Angelabury,8,36.25970474988718,2,49.827864225629426,Electronics,1195.8687414151063
609,18,M,24435,Kellieborough,4,28.910048392886186,1,111.6144494818272,Accessories,1339.3733937819263
610,52,M,31132,Stewartstad,5,14.539076796963275,2,100.01679977019086,Laptops,2400.4031944845806
611,42,F,20000,Keithshire,5,15.00132360737483,2,124.79359332576287,Accessories,2995.046239818309
612,34,M,40402,Huangfurt,3,29.939514813609147,2,77.65063697544834,Laptops,1863.6152874107602
613,38,M,36337,Stephanieberg,9,22.28865032766372,5,74.81174883877983,Accessories,4488.70493032679
614,21,F,24135,Bobbyland,8,24.67366147222652,1,79.71787854119171,Gaming,956.6145424943005
615,64,M,50494,Sandraview,6,39.384154217891144,0,82.84214361404702,Laptops,0.0
616,36,M,58034,Lewisside,3,37.590326768672185,4,124.45972500427042,Laptops,5974.066800204981
617,36,F,20000,Sarahview,5,47.97733840577358,4,64.5639648055336,Accessories,3099.070310665613
618,43,M,24800,North Christina,5,26.836644552599353,3,81.32158300122043,Smartphones,2927.5769880439357
619,40,M,24721,East Brent,5,23.588533655471338,4,46.32962828495676,Accessories,2223.8221576779247
620,37,F,22698,Lake Jesse,3,34.1818896442891,2,130.2135347023712,Laptops,3125.1248328569086
621,25,F,54980,South Markfort,7,24.39205530760025,0,138.13090298293423,Laptops,0.0
622,40,F,32961,Lake Kellitown,3,24.719388869742627,0,90.1877970740864,Smartphones,0.0
623,57,M,31816,South Denise,0,27.97898406068164,3,91.06151905560331,Electronics,3278.214686001719
624,51,F,20000,Woodsborough,6,46.527489558168796,4,113.59665706848692,Smartphones,5452.639539287372
625,54,M,49896,Manuelton,6,37.03965805128627,2,144.23446022134766,Electronics,3461.627045312344
626,28,F,20000,Lake Audreyside,4,38.0882040227785,0,112.25832242691752,Laptops,0.0
627,23,M,37420,East Robertburgh,5,46.078543368082464,0,79.07374172574656,Gaming,0.0
628,33,F,41718,Port Randyfort,9,39.02532960075325,1,51.43532284040679,Gaming,617.2238740848815
629,35,F,71705,Lake Suzanne,5,18.685943898649626,1,66.54621212009536,Accessories,798.5545454411443
630,48,F,20000,Nancytown,4,38.873823641411335,2,102.19658350937395,Smartphones,2452.7180042249747
631,18,F,20000,Ashleyville,3,40.142548571152574,0,80.34017430397617,Smartphones,0.0
632,53,M,39812,Justinside,6,36.51864852693095,0,105.84903117972276,Gaming,0.0
633,33,F,89344,Smallberg,2,28.045581262071156,1,83.41227951291299,Electronics,1000.9473541549559
634,29,F,67472,Nelsonville,6,35.46331706001751,2,68.25560706116765,Smartphones,1638.1345694680235
635,22,M,40329,Franciscomouth,6,29.797602787023536,1,64.68905105640786,Electronics,776.2686126768943
636,18,F,28401,Jennifertown,6,20.219116237515504,4,146.87063528119688,Electronics,7049.79049349745
637,44,M,54369,Krystalshire,5,22.70366354664842,2,126.66963247550929,Electronics,3040.071179412223
638,35,F,22319,East Cheryl,3,37.03722818899282,3,151.91553855483875,Electronics,5468.959387974195
639,19,F,46082,Wilcoxhaven,4,20.941798205771576,2,116.19852702265308,Accessories,2788.764648543674
640,19,F,46757,Christopherville,4,21.88446456523736,3,87.10025774155483,Accessories,3135.6092786959734
641,30,M,61704,East Thomas,5,37.53384459984692,0,139.70022767469814,Gaming,0.0
642,55,F,144326,North Jose,4,31.337890628651053,4,99.00795995914696,Accessories,4752.382078039054
643,31,F,44187,South Karen,4,35.77193317187728,2,106.62525310871057,Smartphones,2559.0060746090535
644,18,F,28156,Kevinshire,5,17.709820634468144,2,98.71526862773443,Accessories,2369.1664470656265
645,32,M,35854,West Desireebury,5,35.49429507435764,1,11.592873421479567,Smartphones,139.1144810577548
646,31,M,20000,Lake Davidport,5,23.39971851089257,2,148.1420503688456,Smartphones,3555.409208852294
647,18,F,25658,South Gina,7,19.83116014452155,1,114.7301183787326,Electronics,1376.7614205447912
648,34,M,29594,Hannahport,3,24.94655107799703,1,109.8946918260553,Gaming,1318.7363019126635
649,32,F,27943,Christinabury,2,43.620649569274775,0,98.14671813188318,Electronics,0.0
650,43,F,39190,South Eric,4,26.355458650510585,3,104.90283461158393,Electronics,3776.5020460170217
651,57,F,24071,Robertside,4,52.013907122879345,5,82.08163192461257,Accessories,4924.897915476754
652,48,F,63609,Toddborough,6,9.37821895251853,2,118.49738056921814,Accessories,2843.9371336612353
653,31,F,36319,Lake Karen,3,14.537220810185875,1,60.78704966802603,Smartphones,729.4445960163123
654,21,F,36147,New Seanstad,5,43.24185237145558,0,105.58205297411641,Accessories,0.0
655,65,F,30824,New Danielside,5,45.75604559155734,1,116.84720411713313,Accessories,1402.1664494055976
656,35,M,39245,New Amanda,5,21.365427628116066,2,94.0399259853129,Laptops,2256.95822364751
657,35,M,54860,West Melissa,5,30.688936167228547,0,111.12603377413075,Smartphones,0.0
658,34,M,23539,Wilsonborough,3,37.12189918503277,2,70.2599682329725,Smartphones,1686.23923759134
659,37,M,26132,Davishaven,10,27.70624312635245,1,71.02519687312108,Laptops,852.3023624774529
660,33,M,31198,Stokesmouth,5,31.498670913877778,1,107.1015136307918,Smartphones,1285.2181635695015
661,28,M,20000,New Robert,4,30.109330132431896,5,120.35648963863156,Gaming,7221.389378317893
662,28,M,24109,New Stevenport,4,15.185530203472089,0,43.75403033494867,Gaming,0.0
663,34,F,28620,South Jonathantown,7,26.553387140379815,2,115.66061905332299,Laptops,2775.8548572797517
664,28,F,56229,New Charles,3,30.123650951365327,0,83.70395498870988,Accessories,0.0
665,26,F,41410,Cooperland,6,31.03121834108056,0,94.21581738077762,Gaming,0.0
666,36,F,40006,North Valeriefort,2,12.694938913809096,0,59.814462293048884,Laptops,0.0
667,31,M,55572,West Robertberg,4,37.53693899554011,3,74.45148279439876,Gaming,2680.253380598355
668,53,M,33904,Brooksfurt,4,31.294936528960946,4,128.98375976590933,Electronics,6191.220468763648
669,18,F,44144,Kanefurt,4,19.44613778658266,4,100.9859012194064,Laptops,4847.323258531507
670,48,F,34488,Millerside,8,47.99064234023653,1,88.51664794871324,Smartphones,1062.199775384559
671,49,M,41468,Lake Michelle,5,26.534154183811808,2,96.50534942106896,Gaming,2316.128386105655
672,18,F,27136,East Victoriafurt,8,27.18352617745069,2,114.67635473992904,Smartphones,2752.232513758297
673,30,F,20000,Lake Tiffany,5,36.41709245191327,1,113.21483488490013,Laptops,1358.5780186188015
674,30,F,33957,Port Andrewport,7,48.84001137569858,3,97.74918998809598,Gaming,3518.970839571455
675,18,F,73966,Nunezside,8,36.81039596044522,3,132.78877332690004,Smartphones,4780.395839768402
676,25,M,57705,Patelbury,3,38.261098366938704,2,129.11387910719998,Accessories,3098.7330985727995
677,21,F,58847,South Michael,4,19.98378134509602,1,112.40116087391188,Accessories,1348.8139304869426
678,56,F,67377,Jacobville,6,30.869597020371693,3,101.63835348730211,Electronics,3658.9807255428764
679,46,M,37961,Port Donnatown,4,24.677382738284244,0,119.71963285358618,Laptops,0.0
680,50,M,40081,East Carlos,4,37.041298480492756,3,109.4280226540355,Smartphones,3939.4088155452782
681,43,F,26666,South Carlaton,6,37.96965795509925,2,131.82400215417843,Electronics,3163.7760517002826
682,21,M,31006,Lake Bradley,2,46.33229516519941,1,126.98684130214923,Laptops,1523.8420956257908
683,28,F,49408,Youngborough,4,8.41658083110869,3,69.45238295746815,Accessories,2500.285786468853
684,40,F,66299,East Williamport,2,23.6942183768368,3,67.4211048777488,Smartphones,2427.159775598957
685,20,M,33869,Port Sabrina,8,43.002489442520414,2,78.96251366787772,Gaming,1895.1003280290652
686,43,F,28995,Barbaramouth,7,15.984701530674815,3,129.28416070200763,Accessories,4654.229785272275
687,32,F,36325,West Nancy,2,38.05651032893672,2,52.71073009686263,Gaming,1265.0575223247033
688,30,F,49050,South Kevin,5,41.3400050081475,1,111.8427216732398,Gaming,1342.1126600788775
689,43,F,20000,New Stacyburgh,6,29.716601546335397,3,110.87629273278884,Smartphones,3991.5465383803985
690,40,M,20000,Peterston,7,15.785353128434744,1,134.8794417605858,Smartphones,1618.5533011270295
691,30,M,27576,Shellyfurt,7,28.78480321799762,2,105.41016071991662,Gaming,2529.8438572779987
692,48,F,20000,Heatherchester,7,44.58681337458724,2,59.70371828248298,Electronics,1432.8892387795916
693,22,M,28167,West Nicholas,6,45.39017375255416,4,71.21935118055632,Gaming,3418.528856666703
694,42,F,33728,Allenbury,5,32.078803767776904,1,64.54013434306526,Gaming,774.4816121167831
695,42,F,28951,Meredithberg,5,20.227623112852392,1,83.86168101000578,Smartphones,1006.3401721200694
696,31,F,75074,Melendezside,8,47.383971940494106,2,94.5129529772822,Laptops,2268.3108714547725
697,38,F,42760,Faulknerside,7,38.20922879109709,3,65.03675421336828,Accessories,2341.3231516812584
698,19,F,42202,South John,4,20.88490031323128,1,144.1198597195687,Smartphones,1729.4383166348243
699,46,M,49568,West Deborah,5,33.42518971140508,1,60.24155884142677,Electronics,722.8987060971212
700,32,F,20549,Booneland,8,32.96748480978158,2,140.38310271587443,Accessories,3369.1944651809863
701,28,M,61056,North Joseph,5,23.63204898450443,1,135.55489094318023,Smartphones,1626.6586913181627
702,47,M,34965,Port Charlesshire,2,33.481068147147106,2,126.94907649067106,Smartphones,3046.7778357761053
703,26,F,50779,South Jason,3,41.06186838123881,2,79.18700177509749,Laptops,1900.4880426023396
704,18,F,21249,Kevintown,7,27.037508012357605,1,110.27352637530704,Electronics,1323.2823165036846
705,18,F,20000,East Suzanne,3,42.08269091588054,1,61.67886599348146,Electronics,740.1463919217775
706,42,F,54663,Lake Yvonnefort,8,12.446454306798358,2,127.32721105101248,Smartphones,3055.8530652243
707,19,F,43835,Lake Cassandra,1,52.182669931208665,1,97.78045655391193,Laptops,1173.3654786469433
708,56,M,23132,South Rose,5,30.573512699796815,2,87.72039356239944,Smartphones,2105.2894454975867
709,18,F,23509,Kimberlyfurt,3,40.73020994803622,2,63.287654600311924,Gaming,1518.9037104074862
710,55,F,63749,Fergusonstad,5,32.18611486534706,3,25.674816441129494,Gaming,924.2933918806618
711,37,M,20036,Josehaven,5,21.76477383143023,3,68.84377428892732,Laptops,2478.375874401384
712,33,M,82564,Owensfort,2,29.636233763404956,2,133.3839458683872,Smartphones,3201.214700841293
713,28,F,23148,Robinstad,7,10.90528982098743,4,87.91499714575588,Laptops,4219.919862996282
714,39,M,49970,Robertshire,2,36.883869307128094,4,94.92013428654857,Smartphones,4556.166445754332
715,34,F,30812,Lake Dustin,4,31.937645786448204,1,119.66663074865357,Smartphones,1435.999568983843
716,48,M,49098,Angelashire,5,28.084428415317554,3,154.17006634348795,Gaming,5550.122388365566
717,36,M,27665,Phillipsborough,4,37.526995710756374,1,139.75013964836916,Accessories,1677.0016757804299
718,36,F,33476,Jerryshire,4,30.37523261593193,0,70.82994988551435,Electronics,0.0
719,30,M,37066,South Andrea,5,36.068298722825745,3,41.72288285687781,Electronics,1502.023782847601
720,34,M,22002,Jonathanfort,4,39.623165788801444,3,170.7884277730031,Laptops,6148.383399828111
721,38,M,52596,Murraystad,4,24.507718605046016,0,168.0697483497836,Electronics,0.0
722,18,M,28096,East Jennifer,5,21.645897176081753,0,105.65360789287848,Gaming,0.0
723,18,M,32393,Whiteside,7,12.774399252475305,4,61.88535263254535,Accessories,2970.496926362177
724,43,M,22088,New Arthurland,6,31.225607988278583,1,128.89679601681817,Smartphones,1546.7615522018182
725,37,F,20000,Port Adamberg,6,34.520972884506875,4,96.76048941962169,Smartphones,4644.503492141841
726,32,F,33007,North Jasmine,8,16.763846015109607,2,96.61056630680169,Gaming,2318.6535913632406
727,35,M,121334,East Williamstad,5,44.2037984802835,2,126.83376529315387,Electronics,3044.010367035693
728,39,F,53760,New Danafort,2,21.77664528647276,3,110.03124240619896,Smartphones,3961.1247266231626
729,28,F,35967,Smithside,4,8.964999082744992,2,64.42555266955165,Electronics,1546.2132640692396
730,25,F,31842,Smithhaven,6,44.94822899892327,2,90.25774194754078,Gaming,2166.1858067409785
731,37,M,36725,Amandaport,3,10.2698500001516,0,119.8345878598404,Smartphones,0.0
732,23,F,47741,New Lisachester,3,39.64178773383425,3,115.30756667215056,Laptops,4151.07240019742
733,39,M,20122,North Samantha,5,37.211195208758525,2,107.86049723075428,Accessories,2588.6519335381026
734,18,F,63396,East James,5,33.195541012198774,2,128.00268863427593,Electronics,3072.064527222622
735,47,M,51932,Lisaview,6,24.772250517834365,1,89.14849036548206,Electronics,1069.7818843857847
736,40,M,52004,Millerfurt,2,35.02797294525577,1,105.36009325657216,Electronics,1264.3211190788659
737,38,F,45217,Cunninghambury,6,40.48484873704551,1,10.0,Electronics,-15.208476063935962
738,46,F,36673,Gabriellaland,4,20.14189503524527,3,86.51049418471558,Gaming,3114.3777906497608
739,54,M,50839,North Richardfurt,3,39.763736729794836,1,122.91708725726933,Gaming,1475.005047087232
740,47,F,48820,Browntown,4,39.30874511937244,4,88.28816598648572,Gaming,4237.831967351314
741,18,F,30423,North Vincent,2,32.930510909215556,2,86.01317824848664,Gaming,2064.3162779636796
742,19,F,27260,Newmanmouth,6,24.620251219188873,1,68.75641144675544,Smartphones,825.0769373610652
743,27,M,38212,New Samanthabury,8,39.35457364848776,1,130.10097678187435,Gaming,1561.2117213824922
744,35,M,78787,Port Heather,5,35.083129561625235,3,116.45389820621712,Smartphones,4192.340335423816
745,41,F,20000,Nelsonland,6,19.840403368054325,2,124.76243793469254,Laptops,2994.298510432621
746,26,F,20000,Rachelshire,5,26.32644191231752,0,48.21358114126331,Gaming,0.0
747,37,F,39433,East Sarahmouth,5,38.190549384206996,3,95.18649870203097,Laptops,3426.7139532731153
748,25,M,37251,East Brendafurt,6,31.145806171008445,1,91.59666976749982,Gaming,1099.1600372099979
749,27,M,39603,West Franciscobury,4,40.859828944453255,0,91.58284880204343,Laptops,0.0
750,18,F,41026,Rhodesside,4,26.583533043516038,6,81.51917368846132,Accessories,5869.3805055692155
751,23,F,32480,Patrickberg,5,20.001047077518997,1,89.61687184659954,Laptops,1075.4024621591943
752,18,F,76491,New Juliestad,5,51.93602615610071,4,125.48934348119955,Smartphones,6023.488487097578
753,23,F,20000,North Samuelland,4,13.191049172535092,3,42.61445939956512,Electronics,1534.1205383843444
754,47,F,23998,Cassiefurt,4,25.001604025983358,3,153.3188430409136,Laptops,5519.478349472889
755,23,F,34488,Anthonyview,7,32.79748000699984,3,114.51523375079384,Electronics,4122.548415028577
756,66,M,20000,Henrystad,5,39.86083891477711,3,98.73004313019362,Accessories,3554.2815526869704
757,40,F,33258,Reynoldsshire,4,36.46449368542261,1,127.20502439118779,Accessories,1526.4602926942534
758,37,M,83344,Millerport,3,53.11259004942879,0,56.444957644946946,Smartphones,0.0
759,24,F,36696,Lake Charles,9,28.824015473418683,1,80.05897284546958,Smartphones,960.707674145635
760,43,F,40755,Ericberg,6,21.270167386494734,1,96.36773702828339,Laptops,1156.4128443394006
761,28,M,20000,Stewartville,6,27.803039757835506,0,140.96681111296533,Gaming,0.0
762,36,M,26683,North Sherrymouth,4,26.800234706489757,1,98.60510256620326,Accessories,1183.2612307944391
763,65,M,30103,Kathleenville,7,29.317048527098606,3,113.50164013555438,Electronics,4086.0590448799576
764,33,M,30981,North Jacob,6,20.175118771007202,0,82.31263012191617,Gaming,0.0
765,48,F,68928,Hawkinshaven,6,37.84056038250357,0,114.60526206902473,Accessories,0.0
766,26,M,47994,Garcialand,2,33.70830209336209,2,150.3171877892337,Laptops,3607.6125069416094
767,34,F,20832,Angelamouth,6,17.36119170925889,1,129.86580075022343,Accessories,1558.389609002681
768,56,M,41079,Smithchester,4,39.68025075870584,4,97.55632036666361,Smartphones,4682.703377599853
769,27,F,46588,Maxwellside,7,21.885184630154953,0,120.26472541796409,Electronics,0.0
770,56,F,64220,New Adriana,8,18.17184497695711,2,117.32550863821635,Electronics,2815.8122073171926
771,43,F,80039,Jacksonview,6,30.87328703921649,4,115.19763015091827,Smartphones,5529.486247244077
772,28,F,21860,Josephberg,3,12.421565506006896,2,133.35860082581226,Gaming,3200.6064198194945
773,42,F,24211,East Ryanchester,4,35.89503049877248,4,133.13433111512398,Smartphones,6390.447893525951
774,46,F,20000,Toddland,5,1.6115966921680638,1,96.18524209375347,Electronics,1154.2229051250417
775,42,M,32305,Johnathanbury,3,19.706373100113623,2,119.25637184433307,Laptops,2862.1529242639936
776,18,F,45852,Wheelerborough,5,45.751373210879116,0,88.50715236520618,Gaming,0.0
777,26,M,59496,Rodriguezport,8,23.13340790826682,2,72.30782811053267,Accessories,1735.387874652784
778,32,M,34962,South Martinfurt,8,24.884147947937016,2,91.9151873288804,Laptops,2205.96449589313
779,34,F,30948,Scottchester,5,42.73665054130438,4,97.71165544781252,Gaming,4690.159461495001
780,42,M,39178,West Malik,5,22.071363949276815,1,50.15257032466024,Electronics,601.8308438959228
781,37,F,23919,South Leon,8,37.63438181389476,5,125.80997678250161,Electronics,7548.598606950096
782,18,M,103235,Novakport,5,41.741881650593214,1,16.98023732192806,Laptops,203.7628478631367
783,39,F,20000,Faulknerbury,4,34.785303141499035,0,181.44450818458967,Gaming,0.0
784,42,M,39829,Nicholasfurt,3,15.551026770357403,3,145.05637401388958,Accessories,5222.029464500025
785,41,F,99887,Danielshire,7,23.960141407841235,1,92.16973827483059,Accessories,1106.036859297967
786,47,F,36439,New Wendy,4,57.13619777528997,3,100.28279081691319,Smartphones,3610.180469408875
787,45,F,33023,Lake Katrina,4,25.094763474684267,4,109.0891562076185,Laptops,5236.279497965688
788,40,F,30372,Lake Stevenborough,5,59.86329375576428,0,82.32518836033174,Gaming,0.0
789,34,M,33183,Salinasland,3,47.08964052029893,1,105.77857442760809,Laptops,1269.3428931312972
790,18,F,72144,Chambersberg,5,35.19069539372221,2,95.68000066895017,Accessories,2296.320016054804
791,40,M,20000,Johnberg,4,32.972342724975164,1,97.17181848307102,Gaming,1166.0618217968522
792,37,M,78175,Mccormickland,6,25.351766448728988,4,105.44383190441916,Electronics,5061.30393141212
793,38,M,20000,Ewingfort,5,29.11087409096538,1,60.59416604938017,Electronics,727.1299925925621
794,19,F,31782,Fergusonchester,5,23.112758434757268,4,101.18709172400945,Gaming,4856.980402752453
795,22,M,29301,Port Tanyaside,2,29.36373596180397,0,104.90343239852432,Laptops,0.0
796,47,M,48741,North Kaylastad,5,16.37805108617347,0,103.86548864067743,Laptops,0.0
797,34,M,20000,Lake Cheyenne,3,15.84228986944176,2,93.52507733691536,Electronics,2244.6018560859684
798,43,F,45756,Rasmussenmouth,3,43.010156626547094,4,134.13573327908114,Electronics,6438.515197395895
799,35,F,99922,Rodriguezville,5,13.876902640205834,4,89.39042335355346,Accessories,4290.740320970566
800,35,M,20000,Jeffreyhaven,4,38.861381534941316,1,106.81977720469571,Gaming,1281.8373264563486
801,46,F,39928,South Neil,3,11.056178040740921,3,138.91892601776638,Laptops,5001.0813366395905
802,28,F,26082,Bartonshire,4,36.2963760302559,1,97.61871579939063,Accessories,1171.4245895926874
803,36,M,44933,West Whitney,2,27.924156548569602,1,106.43389802402653,Laptops,1277.2067762883185
804,29,M,36664,Garciachester,6,43.21316202803404,1,97.10846091055309,Electronics,1165.301530926637
805,29,F,26350,North Marieberg,7,26.680055411199238,2,137.121093806908,Gaming,3290.906251365792
806,31,M,46348,Larrymouth,3,9.904599448285332,3,92.26826315241114,Smartphones,3321.657473486801
807,37,F,89516,New Timothy,5,28.119637141133317,3,138.50063731864617,Gaming,4986.022943471262
808,29,F,33009,Davismouth,4,31.59660565547925,0,96.89236316058806,Smartphones,0.0
809,50,F,52045,Carloston,6,28.680223579682107,0,74.2162082965595,Accessories,0.0
810,24,F,20000,North Melindaville,6,35.751078209897706,0,120.38119511722363,Smartphones,0.0
811,32,F,22511,Lake John,2,24.356119012942766,1,90.85996498733032,Smartphones,1090.3195798479637
812,29,F,45991,New Ethan,2,17.365968374543936,2,118.61502697297489,Accessories,2846.7606473513974
813,52,M,76271,Mullenbury,5,20.003511156857762,3,18.11786845228798,Gaming,652.2432642823672
814,37,M,43382,Sotoburgh,2,24.842326554704627,2,100.1561578568484,Accessories,2403.7477885643616
815,47,F,31053,Fosterborough,7,24.75651383751646,3,86.21184103727559,Electronics,3103.626277341921
816,18,F,36302,Vargasfurt,4,54.06122358003271,3,68.10223940406166,Electronics,2451.68061854622
817,38,F,20000,Lake Jasonview,5,42.551054165830834,4,83.40276994480601,Smartphones,4003.3329573506885
818,45,M,49131,New Cristianside,7,36.867092043485655,2,82.78890567122045,Accessories,1986.9337361092907
819,35,F,56453,West Mark,5,34.46012510728538,1,98.56042615448257,Accessories,1182.7251138537908
820,47,M,28968,Wilsonfort,7,32.99772235602136,2,58.98020616145133,Accessories,1415.524947874832
821,28,F,28709,Candicefurt,1,33.05000545209729,2,109.4882134077914,Gaming,2627.7171217869936
822,51,F,41478,West Michaelmouth,3,31.632860530801324,2,140.98644355617364,Laptops,3383.6746453481674
823,62,M,29191,Port Emily,4,30.401190824365788,1,108.4278549084348,Laptops,1301.1342589012174
824,30,M,35134,Samanthashire,9,9.081359054491326,1,124.26965827687027,Laptops,1491.2358993224434
825,29,F,103762,Lake Dennisville,4,26.308727269275064,0,132.83687363841386,Gaming,0.0
826,52,F,32096,West Daryl,5,27.59699194851752,0,137.0946853655253,Accessories,0.0
827,53,F,30358,Heatherhaven,6,22.510269027299547,2,156.10416078463916,Laptops,3746.49985883134
828,28,M,26271,Barnesberg,6,24.439030637711976,1,85.0239400517221,Accessories,1020.2872806206651
829,29,M,52685,Hendersonfort,3,33.00749017180795,7,78.44548044516651,Smartphones,6589.420357393987
830,31,M,33169,New Garrett,3,37.6759007694996,1,123.50396944974204,Laptops,1482.0476333969045
831,18,M,26247,Donaldmouth,5,32.99236461918441,1,121.24798658972199,Smartphones,1454.9758390766638
832,23,M,70308,Harveystad,7,37.424442386469565,1,123.27025898847069,Gaming,1479.2431078616482
833,22,M,73850,South Derrickfurt,6,37.601080308146905,2,156.67847362750757,Electronics,3760.2833670601817
834,25,F,26897,Ortizfort,6,27.002944064721465,4,100.34109726395482,Gaming,4816.372668669832
835,34,F,20000,Mckinneymouth,4,35.253074625021505,2,112.78469678938555,Gaming,2706.8327229452534
836,37,M,60099,Jacksonshire,7,12.5362752037632,1,70.58835245549575,Gaming,847.0602294659491
837,53,F,25788,Port Kathleenport,4,26.156747731412278,1,164.05963371927874,Laptops,1968.7156046313448
838,23,F,53923,West Jeffreyport,8,24.981484105337003,1,89.90365236372666,Smartphones,1078.84382836472
839,46,M,20000,Port Stephen,5,45.31326802314233,0,90.7535221551751,Laptops,0.0
840,32,F,56743,Dunnville,5,33.37087292733681,4,89.59750326975272,Electronics,4300.68015694813
841,34,M,20000,West Kimberlystad,4,16.655459188470836,1,80.65312424066987,Gaming,967.8374908880385
842,43,M,52332,Port Jenniferside,5,35.94583804775557,3,78.11688853457052,Accessories,2812.2079872445383
843,21,F,36575,South Curtis,2,39.097833451011624,3,84.28887151331425,Electronics,3034.3993744793133
844,39,M,22539,West Nancy,3,29.10336078460366,3,59.02612215847166,Smartphones,2124.9403977049797
845,36,M,29628,South Joseland,7,36.90255929122803,2,76.44046239210286,Electronics,1834.5710974104686
846,40,M,51182,Grimesville,5,5.042926162175352,2,158.4688933434286,Laptops,3803.253440242286
847,38,M,38290,East Lisa,6,3.006776505677003,3,122.06965430924106,Accessories,4394.507555132678
848,64,M,48640,Michellechester,7,18.21330763702478,2,127.77712530183155,Laptops,3066.651007243957
849,27,M,97559,New Donald,2,31.490397006249975,0,135.31626362250745,Gaming,0.0
850,28,M,20000,Port Jamie,7,45.32163769608547,3,155.02403693087172,Gaming,5580.865329511382
851,27,M,81520,New Michaelview,5,18.73572311117244,2,46.85732345668468,Electronics,1124.5757629604323
852,28,F,38260,West Tiffany,5,21.46322591712063,4,63.10350654140378,Gaming,3028.9683139873814
853,27,F,23169,Keithview,7,30.886063907247486,2,75.88829017315945,Gaming,1821.3189641558267
854,49,F,20000,East Sydneychester,6,25.07681205020965,1,85.90810610531207,Smartphones,1030.8972732637449
855,52,M,33038,West Michelleberg,5,24.508092307031763,3,90.98291828244253,Smartphones,3275.3850581679308
856,28,M,57573,East Dustin,0,25.785251625687074,2,86.59067341581877,Laptops,2078.1761619796507
857,25,F,34071,Mariafurt,7,43.147884915190176,2,106.57926739396163,Laptops,2557.902417455079
858,40,F,77309,Thomasview,5,41.16134288738122,0,101.05886172235648,Smartphones,0.0
859,28,F,20000,Brooksland,5,30.23469322292616,0,78.31495614465251,Electronics,0.0
860,42,M,36096,South Zacharyview,6,46.54480273919644,4,34.7335366903729,Smartphones,1667.2097611378992
861,37,F,20000,Shawnfort,8,35.09028354067975,1,70.21393883863905,Laptops,842.5672660636686
862,18,F,43556,Brandiland,4,41.538941345384906,2,83.52284040062274,Accessories,2004.548169614946
863,53,M,56581,Reidstad,6,21.394534274513713,1,92.58761689576842,Gaming,1111.051402749221
864,56,F,29425,Port Amandaborough,4,23.463229462519422,1,66.10997622068389,Accessories,793.3197146482066
865,27,M,20000,Summersfort,1,23.356177085040315,1,85.2758060051074,Accessories,1023.3096720612888
866,30,M,40113,Marcusport,3,29.132777508585,2,66.0703783454324,Gaming,1585.6890802903777
867,38,M,45178,Amyberg,4,30.599132370912614,3,96.22541945355,Smartphones,3464.1151003278
868,39,F,44451,Kramerton,5,33.24177308596995,2,67.80726014912153,Electronics,1627.3742435789168
869,42,F,67365,North Conniemouth,4,49.73104868081904,1,74.53286030888606,Accessories,894.3943237066327
870,59,M,21257,North Sarahburgh,5,37.21278129249048,1,60.73947607032583,Electronics,728.87371284391
871,32,F,51026,Bryantchester,2,24.852083005003433,2,95.39497913290649,Laptops,2289.4794991897556
872,25,F,65923,Lake Regina,2,29.967256209441764,1,74.00656690142804,Accessories,888.0788028171365
873,18,F,20000,Erikview,5,45.04942189115205,3,127.20352800026288,Laptops,4579.327008009464
874,26,F,42609,Lake Michaelland,5,37.81879842604122,2,112.17550800078698,Smartphones,2692.2121920188874
875,34,M,28223,Elizabethburgh,5,44.917821634240596,1,97.90444395449072,Accessories,1174.8533274538886
876,56,F,34864,South Conniebury,6,25.173167363526503,3,76.07543507968634,Laptops,2738.7156628687085
877,28,M,43210,Riosville,4,22.88338461423694,3,111.4156091594891,Laptops,4010.961929741607
878,37,M,28463,East Thomasberg,9,23.029552986405776,4,120.72102668045912,Smartphones,5794.609280662038
879,34,F,25903,New Erin,7,25.980135088638647,0,104.28065236604891,Electronics,0.0
880,49,M,36940,North Heatherville,2,19.367169902295064,4,148.11105566400792,Electronics,7109.33067187238
881,65,F,21086,Bensonfort,3,32.9519306170842,2,113.78911954224448,Accessories,2730.9388690138676
882,28,F,21101,East Patrickville,4,33.12387243411645,2,127.40821652704102,Smartphones,3057.7971966489845
883,29,M,51005,West Michaelport,6,43.38777970421062,0,104.00696246607934,Accessories,0.0
884,47,M,20447,South Kiara,7,12.397374994199911,1,120.2699335977093,Electronics,1443.2392031725117
885,43,M,50673,Lake Victoria,4,20.558724435375797,4,76.09656301992474,Smartphones,3652.6350249563875
886,57,M,45765,North Alyssa,5,38.05580474530727,2,86.24804910361618,Gaming,2069.9531784867886
887,42,F,20000,New Debramouth,5,31.834731187115672,3,110.48090660447139,Smartphones,3977.3126377609697
888,30,F,25879,Jenniferberg,3,30.448024563879397,2,110.26298444672145,Smartphones,2646.3116267213145
889,42,F,65976,Jensenmouth,3,42.63853839910121,7,115.22835468829743,Gaming,9679.181793816984
890,48,M,22234,North Peggy,7,19.900457973238403,2,133.01178676836187,Laptops,3192.282882440685
891,44,M,28790,Port David,3,22.712706073459774,3,57.250864845537635,Laptops,2061.031134439355
892,41,M,45753,Bellchester,8,21.534881555563892,0,70.76642357169112,Laptops,0.0
893,47,F,53728,Kyliebury,8,9.870919561066437,2,106.8871792322276,Electronics,2565.2923015734623
894,49,M,32023,Deannabury,5,31.32817533416265,3,78.26909104589618,Smartphones,2817.6872776522623
895,51,F,26936,Kimberlytown,5,24.77147412963713,3,201.33304723868088,Gaming,7247.989700592512
896,42,M,73952,Jamiehaven,3,22.670991915082226,3,115.47158857510408,Electronics,4156.977188703747
897,32,F,86634,Lake Peter,3,20.865748736826973,3,97.65007453209529,Gaming,3515.40268315543
898,36,F,59244,Port Rachaelbury,6,29.822533075816064,1,84.53592180748423,Electronics,1014.4310616898108
899,49,M,37898,Cruzbury,5,22.01460485441239,2,85.59513150420867,Electronics,2054.283156101008
900,25,M,24242,Littleland,4,32.21567527608239,2,100.90421983945532,Electronics,2421.7012761469277
901,39,F,23975,West Sarahberg,6,34.591801673348634,1,103.35945797863774,Gaming,1240.3134957436528
902,30,F,47157,Valenciashire,3,27.054223595000046,1,86.29902565919461,Accessories,1035.5883079103353
903,35,M,44765,Diazburgh,12,26.375323602405746,3,91.80543260440295,Electronics,3304.9955737585065
904,50,M,73188,Bestland,1,31.8549100031849,4,140.3285372570379,Laptops,6735.76978833782
905,37,F,50273,New Carlosview,6,29.711502798657317,1,141.53514887953102,Smartphones,1698.4217865543724
906,35,M,20000,North Sandra,1,43.30159355354728,0,107.56101939804631,Accessories,0.0
907,18,F,61449,Hunterhaven,6,33.182655375602046,2,59.76220818289787,Accessories,1434.292996389549
908,43,F,22047,Hendersonfurt,1,40.955860002743094,1,116.1550946991713,Gaming,1393.8611363900557
909,42,M,29971,Lake Amandaberg,4,36.10511002359014,2,146.62847324833078,Accessories,3519.0833579599384
910,60,M,41154,Christopherland,3,16.815818598736108,3,141.09343305887137,Gaming,5079.363590119369
911,31,M,98502,Port Eric,3,24.417351241943514,2,122.03277558429002,Gaming,2928.7866140229607
912,37,M,171950,Peterland,5,29.51902576957342,0,142.67268865857466,Laptops,0.0
913,37,M,49185,Hollybury,5,38.68444310595932,1,101.60152817437066,Electronics,1219.218338092448
914,53,F,33136,East Christopherchester,5,49.27812997438572,1,118.84308909501115,Accessories,1426.117069140134
915,33,F,47441,South Cherylton,9,25.1585286911279,0,79.5767330102446,Electronics,0.0
916,38,M,56603,Elizabethburgh,3,30.552560982866765,4,108.76796368467137,Electronics,5220.862256864226
917,42,M,30935,North Jeantown,3,37.999112816883866,1,139.88602731911573,Electronics,1678.6323278293887
918,37,M,89108,South Stephanie,6,29.421724916941088,2,82.31729765539328,Gaming,1975.6151437294386
919,29,F,40742,Garyberg,6,46.44096777852461,0,74.1566971160714,Electronics,0.0
920,37,M,46577,Jessicaville,3,16.52213024787491,4,102.9246681707109,Accessories,4940.384072194123
921,47,M,50663,West Lindsayview,7,36.78019915466992,0,93.20013388828,Gaming,0.0
922,22,F,44837,West Jennifershire,4,36.68213254436138,1,119.47443163211261,Accessories,1433.6931795853513
923,36,F,55241,South Spencerstad,1,41.5203869831373,2,86.40221422158874,Gaming,2073.6531413181297
924,26,M,26672,South Micheleburgh,7,30.620513488229946,3,151.55318846808143,Smartphones,5455.914784850931
925,49,M,27469,Ericville,7,38.9152121840583,1,61.30971706116833,Smartphones,735.7166047340199
926,18,M,20950,East Joycetown,2,27.508607537604384,2,137.61204358659205,Smartphones,3302.6890460782092
927,28,F,45240,Port Michellebury,5,21.98608729737411,4,77.0545231507569,Smartphones,3698.6171112363318
928,39,M,53608,South Michaelberg,6,20.527969888404954,6,46.1205179624793,Gaming,3320.677293298509
929,53,M,45655,Port Austin,9,15.585978126245767,0,107.13625469046602,Electronics,0.0
930,34,M,83888,Walkerbury,3,25.58641208485148,1,92.36176041958349,Laptops,1108.3411250350018
931,28,F,36214,Moonmouth,4,33.114883770570636,1,66.71171896290907,Laptops,800.540627554909
932,57,F,50734,Margaretshire,10,27.918679039157446,2,49.55869324854208,Smartphones,1189.4086379650098
933,18,M,21039,Davidton,4,31.97966099973555,0,99.7491763818563,Electronics,0.0
934,18,M,29925,East Linda,4,42.34879017386337,3,129.27510674871453,Accessories,4653.903842953723
935,40,F,51419,South Caseymouth,4,24.82513451674304,5,117.54860479259332,Electronics,7052.916287555599
936,28,F,55522,Kiaraport,7,53.40296498045306,1,101.70119946517796,Accessories,1220.4143935821355
937,22,F,31351,Christophermouth,8,37.552429989905725,4,114.36542719653205,Laptops,5489.540505433539
938,43,F,35038,West Jamesshire,6,28.03074277424765,2,99.18357602866429,Electronics,2380.405824687943
939,37,F,20000,Jodibury,6,27.80397905774426,2,57.108272709088865,Electronics,1370.5985450181329
940,28,F,30378,Richardsonfort,3,19.918700432231503,3,57.373180443296704,Laptops,2065.4344959586815
941,19,F,56680,Lake Rachel,5,29.742830351128976,2,93.90494413045964,Electronics,2253.7186591310315
942,45,F,48416,East Adam,6,8.384038667614632,4,95.18040140901776,Accessories,4568.659267632853
943,42,F,46645,Johnsonside,2,42.55766175268559,2,125.52948035520295,Electronics,3012.7075285248707
944,33,M,37230,Cynthiatown,8,1.8338919998273155,7,122.71912671324242,Accessories,10308.406643912364
945,57,M,36443,Aaronfurt,5,30.417509733678486,1,118.15399047276848,Smartphones,1417.8478856732218
946,22,M,26103,Daltonhaven,4,18.56010998676628,2,91.59151860768458,Electronics,2198.19644658443
947,18,F,51503,South Travis,4,22.98821348076357,3,58.58043489669581,Accessories,2108.8956562810495
948,26,M,44823,East Jenniferland,2,24.278480670774556,1,112.36213411198072,Laptops,1348.3456093437687
949,34,F,46444,East Phyllishaven,5,49.25626127461944,1,115.75507939786505,Smartphones,1389.0609527743804
950,37,F,27916,Haynesstad,5,18.967492945296602,3,28.344056125669425,Electronics,1020.3860205240993
951,32,M,20000,Villegasland,4,39.14259544794123,2,74.96985440252013,Accessories,1799.276505660483
952,39,F,62854,New Dennisfurt,2,41.604018292673416,1,79.26836867818312,Electronics,951.2204241381975
953,19,M,28583,New Ashleychester,4,6.615717997569025,4,103.55050603370309,Accessories,4970.424289617748
954,52,M,23590,East Kelly,4,23.84647233238566,2,75.89918701702918,Electronics,1821.5804884087001
955,34,M,51366,Sarafurt,1,44.844590928257,1,98.85596293526079,Smartphones,1186.2715552231296
956,48,F,29851,Louisview,8,16.852265492805465,2,93.68395178941024,Smartphones,2248.414842945846
957,39,M,61695,North Sherry,4,41.98276036644636,3,95.22551585386816,Electronics,3428.1185707392538
958,40,F,49439,Port Kayla,10,29.821334185989144,1,78.50817118897761,Electronics,942.0980542677314
959,41,M,51112,East Danielmouth,6,29.389026704323182,0,80.83044837799967,Gaming,0.0
960,40,M,20000,Edwardsville,3,30.694916127196336,1,67.59198820657922,Electronics,811.1038584789505
961,42,M,66567,Tamiborough,6,33.42571831531457,0,111.40202321721496,Electronics,0.0
962,50,F,41382,Parkerview,4,20.44361815305757,1,117.13307885774105,Smartphones,1405.5969462928927
963,37,F,30192,North Ericport,3,27.39580466847461,2,76.88146149623984,Electronics,1845.155075909756
964,43,F,39014,East Marymouth,2,33.70598413980211,1,145.61920288051135,Laptops,1747.4304345661362
965,33,M,20000,North Jennifer,3,31.768858394300082,4,90.56195657673854,Electronics,4346.973915683449
966,52,M,44548,Randyton,5,33.49225562544467,1,145.90556871389683,Gaming,1750.8668245667618
967,26,F,21705,Jorgeburgh,3,22.813129558511164,2,80.7361847850519,Accessories,1937.6684348412457
968,56,F,20000,South Melissaside,4,36.32299209783301,0,39.202666702016934,Smartphones,0.0
969,34,F,20000,North Steven,3,31.26475675488375,0,112.06593474737053,Laptops,0.0
970,18,F,63344,North Alexander,6,14.192999483260774,5,107.45635315356962,Accessories,6447.3811892141775
971,36,F,26512,East James,5,24.686284830330216,0,101.0318138592275,Laptops,0.0
972,26,F,78187,Watsonland,5,21.04495479691395,0,80.73302564668032,Smartphones,0.0
973,45,M,27780,Samanthaland,4,20.916219070293135,1,98.96283323542544,Gaming,1187.5539988251053
974,27,F,20000,North Jamesmouth,4,25.23519869548569,0,84.66221626391417,Smartphones,0.0
975,29,M,20779,North Rebecca,6,36.134719366917786,1,90.92951301004749,Laptops,1091.15415612057
976,18,M,67366,Davidmouth,4,23.73207750439942,1,125.24896767295225,Laptops,1502.987612075427
977,29,F,33592,East Sandrachester,6,32.250578852579395,3,105.52651688590281,Smartphones,3798.954607892501
978,18,F,27607,Crawfordfurt,4,30.61162567850915,1,118.29854161995932,Electronics,1419.5824994395118
979,18,M,39340,Thompsonborough,5,22.209475956933098,1,93.0439448012263,Smartphones,1116.5273376147156
980,44,F,46671,West Joshua,5,26.55184869332705,3,89.73947962585675,Gaming,3230.621266530843
981,44,F,63493,North Christina,4,38.64849223298914,2,65.3955240733407,Smartphones,1569.4925777601766
982,40,M,74925,Lake Kenneth,5,31.498063069410854,3,88.89890162295409,Accessories,3200.3604584263467
983,23,M,30336,Andradefort,3,35.488278614010554,1,10.0,Electronics,4.3987599879100685
984,34,M,20000,North Joshuaberg,4,42.7249654390778,0,82.29334101083096,Accessories,0.0
985,34,F,29533,Gonzalezhaven,6,34.349370541780765,0,97.54377468427482,Smartphones,0.0
986,21,M,41362,Lake Virginia,6,10.793111331146775,1,116.91020962810468,Electronics,1402.9225155372562
987,53,F,22429,South Kimberlystad,1,32.70597716115654,6,91.93966367425129,Accessories,6619.655784546094
988,45,M,22503,Stephensfort,3,23.81888568326426,0,110.43020626734999,Accessories,0.0
989,32,M,43126,Robertahaven,4,48.10302610004162,5,34.60634015829264,Electronics,2076.3804094975585
990,35,M,35442,Paulburgh,6,33.99269407614176,1,98.29489443379151,Electronics,1179.5387332054981
991,37,F,36915,West Carlatown,4,24.025617025274535,3,49.6149162125979,Laptops,1786.136983653524
992,18,F,24853,Brianfort,3,35.665119294411895,3,63.750894530220016,Electronics,2295.0322030879206
993,32,M,32363,Katiebury,14,30.90790902967107,2,94.38503356408417,Smartphones,2265.24080553802
994,26,M,22876,North John,5,12.820426862801927,2,138.28791963620662,Gaming,3318.9100712689587
995,22,M,56675,West Amanda,4,38.63060781252714,2,111.13620290410176,Laptops,2667.2688696984424
996,31,F,60938,Port Wendybury,5,25.944600859329217,2,100.54692991411352,Electronics,2413.1263179387242
997,56,M,20000,Kellyburgh,5,44.20618292774008,4,99.41408831598693,Gaming,4771.876239167373
998,42,F,22816,East Brittany,7,28.7556921585619,2,78.59113320386598,Laptops,1886.1871968927835
999,28,M,20000,Robintown,7,44.39293483835469,1,83.6804975988195,Smartphones,1004.165971185834
1000,41,M,26238,Staceyshire,7,34.248981499058154,2,112.82128136412392,Gaming,2707.710752738974
